id,event_id,person_id,presenter_name_snapshot,title,topic,session_type,session_date,session_time,abstract,materials_url,status,notes,created_at
1,2,1791,,[좌장] 주제세션 2. Food X Wellness,주제세션 2. Food X Wellness,패널토론,,,,,완료,,2026-08-08 02:15:01.793148+00:00
2,2,1792,,[발표] 기조세션,기조세션,세션 발표,,,,,완료,,2026-08-08 02:15:01.793148+00:00
3,2,1793,,[발표] 기조세션,기조세션,세션 발표,,,,,완료,,2026-08-08 02:15:01.793148+00:00
4,2,1794,,[좌장] 기조세션,기조세션,패널토론,,,,,완료,,2026-08-08 02:15:01.793148+00:00
5,2,1467,,[발표] 주제세션 1. Food X System,주제세션 1. Food X System,세션 발표,,,,,완료,,2026-08-08 02:15:01.793148+00:00
6,2,1424,,[발표] 주제세션 2. Food X Wellness,주제세션 2. Food X Wellness,세션 발표,,,,,완료,,2026-08-08 02:15:01.793148+00:00
7,2,1795,,[좌장] 주제세션 1. Food X System,주제세션 1. Food X System,패널토론,,,,,완료,,2026-08-08 02:15:01.793148+00:00
8,2,1796,,[발표] 주제세션 3. Food X Planet,주제세션 3. Food X Planet,세션 발표,,,,,완료,,2026-08-08 02:15:01.793148+00:00
9,2,1797,,[좌장] 특별세션. Food X Culture,특별세션. Food X Culture,패널토론,,,,,완료,,2026-08-08 02:15:01.793148+00:00
10,2,1798,,[발표] 주제세션 1. Food X System,주제세션 1. Food X System,세션 발표,,,,,완료,,2026-08-08 02:15:01.793148+00:00
11,2,1799,,[좌장] 주제세션 3. Food X Planet,주제세션 3. Food X Planet,패널토론,,,,,완료,,2026-08-08 02:15:01.793148+00:00
12,2,1800,,[발표] 주제세션 3. Food X Planet,주제세션 3. Food X Planet,세션 발표,,,,,완료,,2026-08-08 02:15:01.793148+00:00
13,2,1801,,[발표] 주제세션 1. Food X System,주제세션 1. Food X System,세션 발표,,,,,완료,,2026-08-08 02:15:01.793148+00:00
14,2,1802,,[발표] 주제세션 2. Food X Wellness,주제세션 2. Food X Wellness,세션 발표,,,,,완료,,2026-08-08 02:15:01.793148+00:00
15,2,1803,,[발표] 기조세션,기조세션,세션 발표,,,,,완료,,2026-08-08 02:15:01.793148+00:00
16,2,1804,,[발표] 주제세션 3. Food X Planet,주제세션 3. Food X Planet,세션 발표,,,,,완료,,2026-08-08 02:15:01.793148+00:00
17,2,1805,,[발표] 주제세션 2. Food X Wellness,주제세션 2. Food X Wellness,세션 발표,,,,,완료,,2026-08-08 02:15:01.793148+00:00
18,3,1528,,[좌장] 월드푸드테크,월드푸드테크,패널토론,,,,,완료,,2026-08-08 02:15:01.793148+00:00
19,3,1806,,[발표] 유통푸드테크,유통푸드테크,세션 발표,,,,,완료,,2026-08-08 02:15:01.793148+00:00
20,3,1807,,[좌장] 유통푸드테크,유통푸드테크,패널토론,,,,,완료,,2026-08-08 02:15:01.793148+00:00
21,3,1260,,[패널] 소비푸드테크,소비푸드테크,패널토론,,,,,완료,,2026-08-08 02:15:01.793148+00:00
22,3,1489,,[발표] 월드푸드테크,월드푸드테크,세션 발표,,,,,완료,,2026-08-08 02:15:01.793148+00:00
23,3,1379,,[발표] 생산푸드테크,생산푸드테크,세션 발표,,,,,완료,,2026-08-08 02:15:01.793148+00:00
24,3,1808,,[패널] 월드푸드테크,월드푸드테크,패널토론,,,,,완료,,2026-08-08 02:15:01.793148+00:00
25,3,1491,,[패널] 소비푸드테크,소비푸드테크,패널토론,,,,,완료,,2026-08-08 02:15:01.793148+00:00
26,3,1809,,[패널] 유통푸드테크,유통푸드테크,패널토론,,,,,완료,,2026-08-08 02:15:01.793148+00:00
27,3,1419,,[발표] 소비푸드테크,소비푸드테크,세션 발표,,,,,완료,,2026-08-08 02:15:01.793148+00:00
28,3,1143,,[패널] 유통푸드테크,유통푸드테크,패널토론,,,,,완료,,2026-08-08 02:15:01.793148+00:00
29,3,1473,,[발표] 유통푸드테크,유통푸드테크,세션 발표,,,,,완료,,2026-08-08 02:15:01.793148+00:00
30,3,1810,,[패널] 월드푸드테크,월드푸드테크,패널토론,,,,,완료,,2026-08-08 02:15:01.793148+00:00
31,3,1811,,[패널] 생산푸드테크,생산푸드테크,패널토론,,,,,완료,,2026-08-08 02:15:01.793148+00:00
32,3,1246,,[패널] 월드푸드테크,월드푸드테크,패널토론,,,,,완료,,2026-08-08 02:15:01.793148+00:00
33,3,1812,,[발표] 생산푸드테크,생산푸드테크,세션 발표,,,,,완료,,2026-08-08 02:15:01.793148+00:00
34,3,1285,,[발표] 월드푸드테크,월드푸드테크,세션 발표,,,,,완료,,2026-08-08 02:15:01.793148+00:00
35,3,1813,,[발표] 생산푸드테크,생산푸드테크,세션 발표,,,,,완료,,2026-08-08 02:15:01.793148+00:00
36,3,1156,,[발표] 월드푸드테크,월드푸드테크,세션 발표,,,,,완료,,2026-08-08 02:15:01.793148+00:00
37,3,1397,,[패널] 생산푸드테크,생산푸드테크,패널토론,,,,,완료,,2026-08-08 02:15:01.793148+00:00
38,3,1440,,[좌장] 소비푸드테크,소비푸드테크,패널토론,,,,,완료,,2026-08-08 02:15:01.793148+00:00
39,3,1814,,[좌장] 생산푸드테크,생산푸드테크,패널토론,,,,,완료,,2026-08-08 02:15:01.793148+00:00
40,3,1288,,[발표] 유통푸드테크,유통푸드테크,세션 발표,,,,,완료,,2026-08-08 02:15:01.793148+00:00
41,3,1400,,[발표] 소비푸드테크,소비푸드테크,세션 발표,,,,,완료,,2026-08-08 02:15:01.793148+00:00
42,3,1256,,[발표] 소비푸드테크,소비푸드테크,세션 발표,,,,,완료,,2026-08-08 02:15:01.793148+00:00
43,4,1815,,[발표],,세션 발표,,,,,완료,,2026-08-08 02:15:01.793148+00:00
44,4,1816,,[패널],,패널토론,,,,,완료,,2026-08-08 02:15:01.793148+00:00
45,4,1376,,[발표],,세션 발표,,,,,완료,,2026-08-08 02:15:01.793148+00:00
46,4,896,,[좌장],,패널토론,,,,,완료,,2026-08-08 02:15:01.793148+00:00
47,4,1817,,[발표],,세션 발표,,,,,완료,,2026-08-08 02:15:01.793148+00:00
48,4,1818,,[발표],,세션 발표,,,,,완료,,2026-08-08 02:15:01.793148+00:00
49,4,1819,,[패널],,패널토론,,,,,완료,,2026-08-08 02:15:01.793148+00:00
50,4,1820,,[발표],,세션 발표,,,,,완료,,2026-08-08 02:15:01.793148+00:00
51,4,1393,,[패널],,패널토론,,,,,완료,,2026-08-08 02:15:01.793148+00:00
52,4,1821,,[패널],,패널토론,,,,,완료,,2026-08-08 02:15:01.793148+00:00
53,4,1822,,[패널],,패널토론,,,,,완료,,2026-08-08 02:15:01.793148+00:00
54,4,1823,,[패널],,패널토론,,,,,완료,,2026-08-08 02:15:01.793148+00:00
55,4,1824,,[좌장],,패널토론,,,,,완료,,2026-08-08 02:15:01.793148+00:00
56,4,1814,,[좌장],,패널토론,,,,,완료,,2026-08-08 02:15:01.793148+00:00
57,4,1825,,[패널],,패널토론,,,,,완료,,2026-08-08 02:15:01.793148+00:00
58,4,1826,,[패널],,패널토론,,,,,완료,,2026-08-08 02:15:01.793148+00:00
59,4,1827,,[패널],,패널토론,,,,,완료,,2026-08-08 02:15:01.793148+00:00
60,4,1828,,[발표],,세션 발표,,,,,완료,,2026-08-08 02:15:01.793148+00:00
61,4,1829,,[발표],,세션 발표,,,,,완료,,2026-08-08 02:15:01.793148+00:00
62,4,1830,,[발표],,세션 발표,,,,,완료,,2026-08-08 02:15:01.793148+00:00
63,4,1831,,[발표],,세션 발표,,,,,완료,,2026-08-08 02:15:01.793148+00:00
64,4,1832,,[발표],,세션 발표,,,,,완료,,2026-08-08 02:15:01.793148+00:00
65,4,1833,,[발제],,세션 발표,,,,,완료,,2026-08-08 02:15:01.793148+00:00
66,5,1834,,[발표] 퍼블릭,퍼블릭,세션 발표,,,,,완료,,2026-08-08 02:15:01.793148+00:00
67,5,1835,,[발표] 월드,월드,세션 발표,,,,,완료,,2026-08-08 02:15:01.793148+00:00
68,5,1836,,[패널] 퍼블릭,퍼블릭,패널토론,,,,,완료,,2026-08-08 02:15:01.793148+00:00
69,5,1486,,[패널] 월드,월드,패널토론,,,,,완료,,2026-08-08 02:15:01.793148+00:00
70,5,1837,,[패널] 퍼블릭,퍼블릭,패널토론,,,,,완료,,2026-08-08 02:15:01.793148+00:00
71,5,1838,,[패널] 퍼블릭,퍼블릭,패널토론,,,,,완료,,2026-08-08 02:15:01.793148+00:00
72,5,1839,,[발표] 퍼블릭,퍼블릭,세션 발표,,,,,완료,,2026-08-08 02:15:01.793148+00:00
73,5,1840,,[패널] 스페셜,스페셜,패널토론,,,,,완료,,2026-08-08 02:15:01.793148+00:00
74,5,1407,,[패널] 월드,월드,패널토론,,,,,완료,,2026-08-08 02:15:01.793148+00:00
75,5,1376,,[패널] 퍼블릭,퍼블릭,패널토론,,,,,완료,,2026-08-08 02:15:01.793148+00:00
76,5,1377,,[발표] 퍼블릭,퍼블릭,세션 발표,,,,,완료,,2026-08-08 02:15:01.793148+00:00
77,5,1841,,[발표] 월드,월드,세션 발표,,,,,완료,,2026-08-08 02:15:01.793148+00:00
78,5,1842,,[발표] 월드,월드,세션 발표,,,,,완료,,2026-08-08 02:15:01.793148+00:00
79,5,1843,,[발표] 퍼블릭,퍼블릭,세션 발표,,,,,완료,,2026-08-08 02:15:01.793148+00:00
80,5,1188,,[발표] 퍼블릭,퍼블릭,세션 발표,,,,,완료,,2026-08-08 02:15:01.793148+00:00
81,5,1844,,[발표] 퍼블릭,퍼블릭,세션 발표,,,,,완료,,2026-08-08 02:15:01.793148+00:00
82,5,1845,,[패널] 퍼블릭,퍼블릭,패널토론,,,,,완료,,2026-08-08 02:15:01.793148+00:00
83,5,1846,,[발표] 월드,월드,세션 발표,,,,,완료,,2026-08-08 02:15:01.793148+00:00
84,5,1847,,[패널] 퍼블릭,퍼블릭,패널토론,,,,,완료,,2026-08-08 02:15:01.793148+00:00
85,5,1848,,[패널] 스페셜,스페셜,패널토론,,,,,완료,,2026-08-08 02:15:01.793148+00:00
86,5,1260,,[패널] 월드,월드,패널토론,,,,,완료,,2026-08-08 02:15:01.793148+00:00
87,5,1849,,[발표] 퍼블릭,퍼블릭,세션 발표,,,,,완료,,2026-08-08 02:15:01.793148+00:00
88,5,1850,,[발표] 월드,월드,세션 발표,,,,,완료,,2026-08-08 02:15:01.793148+00:00
89,5,953,,[패널] 퍼블릭,퍼블릭,패널토론,,,,,완료,,2026-08-08 02:15:01.793148+00:00
90,5,1851,,[발표] 퍼블릭,퍼블릭,세션 발표,,,,,완료,,2026-08-08 02:15:01.793148+00:00
91,5,1852,,[패널] 퍼블릭,퍼블릭,패널토론,,,,,완료,,2026-08-08 02:15:01.793148+00:00
92,5,1853,,[좌장] 퍼블릭,퍼블릭,패널토론,,,,,완료,,2026-08-08 02:15:01.793148+00:00
93,5,1227,,[패널] 스페셜,스페셜,패널토론,,,,,완료,,2026-08-08 02:15:01.793148+00:00
94,5,1453,,[발표] 퍼블릭,퍼블릭,세션 발표,,,,,완료,,2026-08-08 02:15:01.793148+00:00
95,5,1854,,[발표] 퍼블릭,퍼블릭,세션 발표,,,,,완료,,2026-08-08 02:15:01.793148+00:00
96,5,1855,,[발표] 퍼블릭,퍼블릭,세션 발표,,,,,완료,,2026-08-08 02:15:01.793148+00:00
97,5,1490,,[발표] 퍼블릭,퍼블릭,세션 발표,,,,,완료,,2026-08-08 02:15:01.793148+00:00
98,5,1856,,[패널] 월드,월드,패널토론,,,,,완료,,2026-08-08 02:15:01.793148+00:00
99,5,1261,,[패널] 퍼블릭,퍼블릭,패널토론,,,,,완료,,2026-08-08 02:15:01.793148+00:00
100,5,1857,,[패널] 퍼블릭,퍼블릭,패널토론,,,,,완료,,2026-08-08 02:15:01.793148+00:00
101,5,1055,,[좌장] 스페셜,스페셜,패널토론,,,,,완료,,2026-08-08 02:15:01.793148+00:00
102,5,1055,,[패널] 퍼블릭,퍼블릭,패널토론,,,,,완료,,2026-08-08 02:15:01.793148+00:00
103,5,1858,,[패널] 월드,월드,패널토론,,,,,완료,,2026-08-08 02:15:01.793148+00:00
104,5,1859,,[발표] 퍼블릭,퍼블릭,세션 발표,,,,,완료,,2026-08-08 02:15:01.793148+00:00
105,5,1860,,[발표] 퍼블릭,퍼블릭,세션 발표,,,,,완료,,2026-08-08 02:15:01.793148+00:00
106,5,1860,,[패널] 퍼블릭,퍼블릭,패널토론,,,,,완료,,2026-08-08 02:15:01.793148+00:00
107,5,995,,[좌장] 퍼블릭,퍼블릭,패널토론,,,,,완료,,2026-08-08 02:15:01.793148+00:00
108,5,995,,[발표] 퍼블릭,퍼블릭,세션 발표,,,,,완료,,2026-08-08 02:15:01.793148+00:00
109,5,1861,,[패널] 월드,월드,패널토론,,,,,완료,,2026-08-08 02:15:01.793148+00:00
110,5,1862,,[발표] 스페셜,스페셜,세션 발표,,,,,완료,,2026-08-08 02:15:01.793148+00:00
111,5,1029,,[발표] 퍼블릭,퍼블릭,세션 발표,,,,,완료,,2026-08-08 02:15:01.793148+00:00
112,5,1863,,[패널] 퍼블릭,퍼블릭,패널토론,,,,,완료,,2026-08-08 02:15:01.793148+00:00
113,5,1864,,[패널] 퍼블릭,퍼블릭,패널토론,,,,,완료,,2026-08-08 02:15:01.793148+00:00
114,5,1300,,[패널] 월드,월드,패널토론,,,,,완료,,2026-08-08 02:15:01.793148+00:00
115,5,1865,,[좌장] 월드,월드,패널토론,,,,,완료,,2026-08-08 02:15:01.793148+00:00
116,5,1866,,[좌장] 퍼블릭,퍼블릭,패널토론,,,,,완료,,2026-08-08 02:15:01.793148+00:00
117,5,896,,[좌장] 스페셜,스페셜,패널토론,,,,,완료,,2026-08-08 02:15:01.793148+00:00
118,5,1006,,[좌장] 월드,월드,패널토론,,,,,완료,,2026-08-08 02:15:01.793148+00:00
119,5,1867,,[패널] 퍼블릭,퍼블릭,패널토론,,,,,완료,,2026-08-08 02:15:01.793148+00:00
120,5,899,,[좌장] 스페셜,스페셜,패널토론,,,,,완료,,2026-08-08 02:15:01.793148+00:00
121,5,899,,[발표] 퍼블릭,퍼블릭,세션 발표,,,,,완료,,2026-08-08 02:15:01.793148+00:00
122,5,899,,[패널] 퍼블릭,퍼블릭,패널토론,,,,,완료,,2026-08-08 02:15:01.793148+00:00
123,5,1868,,[패널] 월드,월드,패널토론,,,,,완료,,2026-08-08 02:15:01.793148+00:00
124,5,1869,,[패널] 월드,월드,패널토론,,,,,완료,,2026-08-08 02:15:01.793148+00:00
125,5,1870,,[패널] 퍼블릭,퍼블릭,패널토론,,,,,완료,,2026-08-08 02:15:01.793148+00:00
126,5,1808,,[발표] 퍼블릭,퍼블릭,세션 발표,,,,,완료,,2026-08-08 02:15:01.793148+00:00
127,5,1871,,[발표] 퍼블릭,퍼블릭,세션 발표,,,,,완료,,2026-08-08 02:15:01.793148+00:00
128,5,1180,,[발표] 퍼블릭,퍼블릭,세션 발표,,,,,완료,,2026-08-08 02:15:01.793148+00:00
129,5,1872,,[발표] 퍼블릭,퍼블릭,세션 발표,,,,,완료,,2026-08-08 02:15:01.793148+00:00
130,5,1873,,[발표] 퍼블릭,퍼블릭,세션 발표,,,,,완료,,2026-08-08 02:15:01.793148+00:00
131,5,1874,,[발표] 월드,월드,세션 발표,,,,,완료,,2026-08-08 02:15:01.793148+00:00
132,5,1875,,[발표] 스페셜,스페셜,세션 발표,,,,,완료,,2026-08-08 02:15:01.793148+00:00
133,5,967,,[패널] 스페셜,스페셜,패널토론,,,,,완료,,2026-08-08 02:15:01.793148+00:00
134,5,1876,,[발표] 월드,월드,세션 발표,,,,,완료,,2026-08-08 02:15:01.793148+00:00
135,5,1877,,[패널] 월드,월드,패널토론,,,,,완료,,2026-08-08 02:15:01.793148+00:00
136,5,1878,,[패널] 퍼블릭,퍼블릭,패널토론,,,,,완료,,2026-08-08 02:15:01.793148+00:00
137,5,1879,,[좌장] 퍼블릭,퍼블릭,패널토론,,,,,완료,,2026-08-08 02:15:01.793148+00:00
138,5,1231,,[패널] 스페셜,스페셜,패널토론,,,,,완료,,2026-08-08 02:15:01.793148+00:00
139,5,1880,,[좌장] 퍼블릭,퍼블릭,패널토론,,,,,완료,,2026-08-08 02:15:01.793148+00:00
140,5,1201,,[발표] 퍼블릭,퍼블릭,세션 발표,,,,,완료,,2026-08-08 02:15:01.793148+00:00
141,5,1493,,[패널] 퍼블릭,퍼블릭,패널토론,,,,,완료,,2026-08-08 02:15:01.793148+00:00
142,5,1660,,[패널] 월드,월드,패널토론,,,,,완료,,2026-08-08 02:15:01.793148+00:00
143,5,1344,,[패널] 스페셜,스페셜,패널토론,,,,,완료,,2026-08-08 02:15:01.793148+00:00
144,5,1881,,[패널] 월드,월드,패널토론,,,,,완료,,2026-08-08 02:15:01.793148+00:00
145,5,1882,,[발표] 스페셜,스페셜,세션 발표,,,,,완료,,2026-08-08 02:15:01.793148+00:00
146,5,1883,,[패널] 월드,월드,패널토론,,,,,완료,,2026-08-08 02:15:01.793148+00:00
147,5,1884,,[발표] 월드,월드,세션 발표,,,,,완료,,2026-08-08 02:15:01.793148+00:00
148,5,1885,,[발표] 월드,월드,세션 발표,,,,,완료,,2026-08-08 02:15:01.793148+00:00
149,5,1886,,[발표] 퍼블릭,퍼블릭,세션 발표,,,,,완료,,2026-08-08 02:15:01.793148+00:00
150,5,1345,,[발표] 스페셜,스페셜,세션 발표,,,,,완료,,2026-08-08 02:15:01.793148+00:00
151,5,1887,,[패널] 월드,월드,패널토론,,,,,완료,,2026-08-08 02:15:01.793148+00:00
152,5,1888,,[발표] 스페셜,스페셜,세션 발표,,,,,완료,,2026-08-08 02:15:01.793148+00:00
153,5,1889,,[패널] 퍼블릭,퍼블릭,패널토론,,,,,완료,,2026-08-08 02:15:01.793148+00:00
154,5,1890,,[발표] 스페셜,스페셜,세션 발표,,,,,완료,,2026-08-08 02:15:01.793148+00:00
155,5,1103,,[패널] 월드,월드,패널토론,,,,,완료,,2026-08-08 02:15:01.793148+00:00
156,5,1794,,[좌장] 월드,월드,패널토론,,,,,완료,,2026-08-08 02:15:01.793148+00:00
157,5,1891,,[발표] 퍼블릭,퍼블릭,세션 발표,,,,,완료,,2026-08-08 02:15:01.793148+00:00
158,5,1892,,[발표] 스페셜,스페셜,세션 발표,,,,,완료,,2026-08-08 02:15:01.793148+00:00
159,5,1893,,[발표] 퍼블릭,퍼블릭,세션 발표,,,,,완료,,2026-08-08 02:15:01.793148+00:00
160,5,1894,,[발표] 퍼블릭,퍼블릭,세션 발표,,,,,완료,,2026-08-08 02:15:01.793148+00:00
161,5,986,,[좌장] 월드,월드,패널토론,,,,,완료,,2026-08-08 02:15:01.793148+00:00
162,5,1076,,[좌장] 퍼블릭,퍼블릭,패널토론,,,,,완료,,2026-08-08 02:15:01.793148+00:00
163,5,1895,,[좌장] 월드,월드,패널토론,,,,,완료,,2026-08-08 02:15:01.793148+00:00
164,5,1896,,[발표] 월드,월드,세션 발표,,,,,완료,,2026-08-08 02:15:01.793148+00:00
165,5,1897,,[발표] 스페셜,스페셜,세션 발표,,,,,완료,,2026-08-08 02:15:01.793148+00:00
166,5,1898,,[발표] 퍼블릭,퍼블릭,세션 발표,,,,,완료,,2026-08-08 02:15:01.793148+00:00
167,5,1899,,[발표] 스페셜,스페셜,세션 발표,,,,,완료,,2026-08-08 02:15:01.793148+00:00
168,5,1467,,[발표] 월드,월드,세션 발표,,,,,완료,,2026-08-08 02:15:01.793148+00:00
169,5,1900,,[좌장] 월드,월드,패널토론,,,,,완료,,2026-08-08 02:15:01.793148+00:00
170,5,1900,,[발표] 스페셜,스페셜,세션 발표,,,,,완료,,2026-08-08 02:15:01.793148+00:00
171,5,1418,,[발표] 스페셜,스페셜,세션 발표,,,,,완료,,2026-08-08 02:15:01.793148+00:00
172,5,1267,,[패널] 월드,월드,패널토론,,,,,완료,,2026-08-08 02:15:01.793148+00:00
173,5,1901,,[발표] 퍼블릭,퍼블릭,세션 발표,,,,,완료,,2026-08-08 02:15:01.793148+00:00
174,5,1421,,[발표] 스페셜,스페셜,세션 발표,,,,,완료,,2026-08-08 02:15:01.793148+00:00
175,5,1902,,[발표] 퍼블릭,퍼블릭,세션 발표,,,,,완료,,2026-08-08 02:15:01.793148+00:00
176,5,1903,,[발표] 월드,월드,세션 발표,,,,,완료,,2026-08-08 02:15:01.793148+00:00
177,5,1904,,[좌장] 스페셜,스페셜,패널토론,,,,,완료,,2026-08-08 02:15:01.793148+00:00
178,5,1905,,[발표] 월드,월드,세션 발표,,,,,완료,,2026-08-08 02:15:01.793148+00:00
179,5,1906,,[패널] 퍼블릭,퍼블릭,패널토론,,,,,완료,,2026-08-08 02:15:01.793148+00:00
180,5,1907,,[패널] 월드,월드,패널토론,,,,,완료,,2026-08-08 02:15:01.793148+00:00
181,5,1908,,[패널] 퍼블릭,퍼블릭,패널토론,,,,,완료,,2026-08-08 02:15:01.793148+00:00
182,5,1424,,[발표] 월드,월드,세션 발표,,,,,완료,,2026-08-08 02:15:01.793148+00:00
183,5,1469,,[패널] 월드,월드,패널토론,,,,,완료,,2026-08-08 02:15:01.793148+00:00
184,5,1909,,[발표] 퍼블릭,퍼블릭,세션 발표,,,,,완료,,2026-08-08 02:15:01.793148+00:00
185,5,1795,,[좌장] 월드,월드,패널토론,,,,,완료,,2026-08-08 02:15:01.793148+00:00
186,5,1470,,[발표] 퍼블릭,퍼블릭,세션 발표,,,,,완료,,2026-08-08 02:15:01.793148+00:00
187,5,1210,,[패널] 월드,월드,패널토론,,,,,완료,,2026-08-08 02:15:01.793148+00:00
188,5,1910,,[좌장] 퍼블릭,퍼블릭,패널토론,,,,,완료,,2026-08-08 02:15:01.793148+00:00
189,5,1911,,[패널] 스페셜,스페셜,패널토론,,,,,완료,,2026-08-08 02:15:01.793148+00:00
190,5,1912,,[패널] 퍼블릭,퍼블릭,패널토론,,,,,완료,,2026-08-08 02:15:01.793148+00:00
191,5,1913,,[발표] 스페셜,스페셜,세션 발표,,,,,완료,,2026-08-08 02:15:01.793148+00:00
192,5,1914,,[발표] 월드,월드,세션 발표,,,,,완료,,2026-08-08 02:15:01.793148+00:00
193,5,1272,,[패널] 퍼블릭,퍼블릭,패널토론,,,,,완료,,2026-08-08 02:15:01.793148+00:00
194,5,1915,,[발표] 월드,월드,세션 발표,,,,,완료,,2026-08-08 02:15:01.793148+00:00
195,5,1916,,[발표] 퍼블릭,퍼블릭,세션 발표,,,,,완료,,2026-08-08 02:15:01.793148+00:00
196,5,1917,,[발표] 스페셜,스페셜,세션 발표,,,,,완료,,2026-08-08 02:15:01.793148+00:00
197,5,1918,,[발표] 월드,월드,세션 발표,,,,,완료,,2026-08-08 02:15:01.793148+00:00
198,5,1919,,[패널] 월드,월드,패널토론,,,,,완료,,2026-08-08 02:15:01.793148+00:00
199,5,1590,,[좌장] 월드,월드,패널토론,,,,,완료,,2026-08-08 02:15:01.793148+00:00
200,5,1920,,[발표] 퍼블릭,퍼블릭,세션 발표,,,,,완료,,2026-08-08 02:15:01.793148+00:00
201,5,1921,,[패널] 퍼블릭,퍼블릭,패널토론,,,,,완료,,2026-08-08 02:15:02.758211+00:00
202,5,1353,,[패널] 퍼블릭,퍼블릭,패널토론,,,,,완료,,2026-08-08 02:15:02.758211+00:00
203,5,1922,,[발표] 퍼블릭,퍼블릭,세션 발표,,,,,완료,,2026-08-08 02:15:02.758211+00:00
204,5,1923,,[좌장] 퍼블릭,퍼블릭,패널토론,,,,,완료,,2026-08-08 02:15:02.758211+00:00
205,5,1924,,[좌장] 퍼블릭,퍼블릭,패널토론,,,,,완료,,2026-08-08 02:15:02.758211+00:00
206,5,1925,,[발표] 퍼블릭,퍼블릭,세션 발표,,,,,완료,,2026-08-08 02:15:02.758211+00:00
207,5,1551,,[패널] 월드,월드,패널토론,,,,,완료,,2026-08-08 02:15:02.758211+00:00
208,5,1926,,[좌장] 퍼블릭,퍼블릭,패널토론,,,,,완료,,2026-08-08 02:15:02.758211+00:00
209,5,1020,,[좌장] 스페셜,스페셜,패널토론,,,,,완료,,2026-08-08 02:15:02.758211+00:00
210,5,1927,,[발표] 퍼블릭,퍼블릭,세션 발표,,,,,완료,,2026-08-08 02:15:02.758211+00:00
211,5,1928,,[패널] 퍼블릭,퍼블릭,패널토론,,,,,완료,,2026-08-08 02:15:02.758211+00:00
212,5,1929,,[패널] 퍼블릭,퍼블릭,패널토론,,,,,완료,,2026-08-08 02:15:02.758211+00:00
213,5,1507,,[패널] 퍼블릭,퍼블릭,패널토론,,,,,완료,,2026-08-08 02:15:02.758211+00:00
214,5,1392,,[발표] 퍼블릭,퍼블릭,세션 발표,,,,,완료,,2026-08-08 02:15:02.758211+00:00
215,5,1930,,[발표] 퍼블릭,퍼블릭,세션 발표,,,,,완료,,2026-08-08 02:15:02.758211+00:00
216,5,1931,,[발표] 스페셜,스페셜,세션 발표,,,,,완료,,2026-08-08 02:15:02.758211+00:00
217,5,1932,,[발표] 월드,월드,세션 발표,,,,,완료,,2026-08-08 02:15:02.758211+00:00
218,5,979,,[좌장] 월드,월드,패널토론,,,,,완료,,2026-08-08 02:15:02.758211+00:00
219,5,1933,,[발표] 스페셜,스페셜,세션 발표,,,,,완료,,2026-08-08 02:15:02.758211+00:00
220,5,1934,,[발표] 퍼블릭,퍼블릭,세션 발표,,,,,완료,,2026-08-08 02:15:02.758211+00:00
221,5,1358,,[발표] 스페셜,스페셜,세션 발표,,,,,완료,,2026-08-08 02:15:02.758211+00:00
222,5,1935,,[발표] 퍼블릭,퍼블릭,세션 발표,,,,,완료,,2026-08-08 02:15:02.758211+00:00
223,5,1393,,[발표] 퍼블릭,퍼블릭,세션 발표,,,,,완료,,2026-08-08 02:15:02.758211+00:00
224,5,1936,,[발표] 월드,월드,세션 발표,,,,,완료,,2026-08-08 02:15:02.758211+00:00
225,5,1937,,[좌장] 퍼블릭,퍼블릭,패널토론,,,,,완료,,2026-08-08 02:15:02.758211+00:00
226,5,1797,,[좌장] 월드,월드,패널토론,,,,,완료,,2026-08-08 02:15:02.758211+00:00
227,5,905,,[발표] 퍼블릭,퍼블릭,세션 발표,,,,,완료,,2026-08-08 02:15:02.758211+00:00
228,5,1938,,[발표] 월드,월드,세션 발표,,,,,완료,,2026-08-08 02:15:02.758211+00:00
229,5,1939,,[발표] 퍼블릭,퍼블릭,세션 발표,,,,,완료,,2026-08-08 02:15:02.758211+00:00
230,5,1940,,[발표] 월드,월드,세션 발표,,,,,완료,,2026-08-08 02:15:02.758211+00:00
231,5,1941,,[패널] 퍼블릭,퍼블릭,패널토론,,,,,완료,,2026-08-08 02:15:02.758211+00:00
232,5,1942,,[패널] 퍼블릭,퍼블릭,패널토론,,,,,완료,,2026-08-08 02:15:02.758211+00:00
233,5,1943,,[발표] 월드,월드,세션 발표,,,,,완료,,2026-08-08 02:15:02.758211+00:00
234,5,1944,,[패널] 퍼블릭,퍼블릭,패널토론,,,,,완료,,2026-08-08 02:15:02.758211+00:00
235,6,1945,,[좌장] 퍼블릭,퍼블릭,패널토론,,,,,완료,,2026-08-08 02:15:02.758211+00:00
236,5,1945,,[발표] 퍼블릭,퍼블릭,세션 발표,,,,,완료,,2026-08-08 02:15:02.758211+00:00
237,5,1946,,[발표] 퍼블릭,퍼블릭,세션 발표,,,,,완료,,2026-08-08 02:15:02.758211+00:00
238,5,1947,,[발표] 퍼블릭,퍼블릭,세션 발표,,,,,완료,,2026-08-08 02:15:02.758211+00:00
239,5,1948,,[발표] 퍼블릭,퍼블릭,세션 발표,,,,,완료,,2026-08-08 02:15:02.758211+00:00
240,5,1949,,[발표] 퍼블릭,퍼블릭,세션 발표,,,,,완료,,2026-08-08 02:15:02.758211+00:00
241,5,1394,,[패널] 퍼블릭,퍼블릭,패널토론,,,,,완료,,2026-08-08 02:15:02.758211+00:00
242,5,1950,,[패널] 퍼블릭,퍼블릭,패널토론,,,,,완료,,2026-08-08 02:15:02.758211+00:00
243,5,902,,[좌장] 월드,월드,패널토론,,,,,완료,,2026-08-08 02:15:02.758211+00:00
244,5,1951,,[발표] 퍼블릭,퍼블릭,세션 발표,,,,,완료,,2026-08-08 02:15:02.758211+00:00
245,5,1952,,[패널] 스페셜,스페셜,패널토론,,,,,완료,,2026-08-08 02:15:02.758211+00:00
246,5,1953,,[발표] 월드,월드,세션 발표,,,,,완료,,2026-08-08 02:15:02.758211+00:00
247,5,1954,,[발표] 퍼블릭,퍼블릭,세션 발표,,,,,완료,,2026-08-08 02:15:02.758211+00:00
248,5,1955,,[좌장] 퍼블릭,퍼블릭,패널토론,,,,,완료,,2026-08-08 02:15:02.758211+00:00
249,5,1956,,[좌장] 퍼블릭,퍼블릭,패널토론,,,,,완료,,2026-08-08 02:15:02.758211+00:00
250,5,1957,,[발표] 스페셜,스페셜,세션 발표,,,,,완료,,2026-08-08 02:15:02.758211+00:00
251,5,1084,,[패널] 월드,월드,패널토론,,,,,완료,,2026-08-08 02:15:02.758211+00:00
252,5,1248,,[발표] 퍼블릭,퍼블릭,세션 발표,,,,,완료,,2026-08-08 02:15:02.758211+00:00
253,5,1320,,[패널] 스페셜,스페셜,패널토론,,,,,완료,,2026-08-08 02:15:02.758211+00:00
254,5,1280,,[발표] 퍼블릭,퍼블릭,세션 발표,,,,,완료,,2026-08-08 02:15:02.758211+00:00
255,5,1958,,[좌장] 월드,월드,패널토론,,,,,완료,,2026-08-08 02:15:02.758211+00:00
256,5,1959,,[패널] 월드,월드,패널토론,,,,,완료,,2026-08-08 02:15:02.758211+00:00
257,5,993,,[발표] 퍼블릭,퍼블릭,세션 발표,,,,,완료,,2026-08-08 02:15:02.758211+00:00
258,5,1960,,[발표] 월드,월드,세션 발표,,,,,완료,,2026-08-08 02:15:02.758211+00:00
259,5,1961,,[패널] 스페셜,스페셜,패널토론,,,,,완료,,2026-08-08 02:15:02.758211+00:00
260,5,1962,,[패널] 퍼블릭,퍼블릭,패널토론,,,,,완료,,2026-08-08 02:15:02.758211+00:00
261,5,1963,,[발표] 스페셜,스페셜,세션 발표,,,,,완료,,2026-08-08 02:15:02.758211+00:00
262,5,1964,,[좌장] 퍼블릭,퍼블릭,패널토론,,,,,완료,,2026-08-08 02:15:02.758211+00:00
263,5,1965,,[발표] 월드,월드,세션 발표,,,,,완료,,2026-08-08 02:15:02.758211+00:00
264,5,1966,,[발표] 월드,월드,세션 발표,,,,,완료,,2026-08-08 02:15:02.758211+00:00
265,5,1798,,[발표] 월드,월드,세션 발표,,,,,완료,,2026-08-08 02:15:02.758211+00:00
266,5,1967,,[발표] 퍼블릭,퍼블릭,세션 발표,,,,,완료,,2026-08-08 02:15:02.758211+00:00
267,5,1968,,[좌장] 퍼블릭,퍼블릭,패널토론,,,,,완료,,2026-08-08 02:15:02.758211+00:00
268,5,1969,,[좌장] 스페셜,스페셜,패널토론,,,,,완료,,2026-08-08 02:15:02.758211+00:00
269,5,1970,,[발표] 월드,월드,세션 발표,,,,,완료,,2026-08-08 02:15:02.758211+00:00
270,5,1971,,[좌장] 스페셜,스페셜,패널토론,,,,,완료,,2026-08-08 02:15:02.758211+00:00
271,5,1972,,[발표] 월드,월드,세션 발표,,,,,완료,,2026-08-08 02:15:02.758211+00:00
272,5,1514,,[발표] 퍼블릭,퍼블릭,세션 발표,,,,,완료,,2026-08-08 02:15:02.758211+00:00
273,5,1323,,[발표] 월드,월드,세션 발표,,,,,완료,,2026-08-08 02:15:02.758211+00:00
274,5,1285,,[발표] 월드,월드,세션 발표,,,,,완료,,2026-08-08 02:15:02.758211+00:00
275,5,1973,,[패널] 퍼블릭,퍼블릭,패널토론,,,,,완료,,2026-08-08 02:15:02.758211+00:00
276,5,975,,[패널] 퍼블릭,퍼블릭,패널토론,,,,,완료,,2026-08-08 02:15:02.758211+00:00
277,5,1974,,[발표] 퍼블릭,퍼블릭,세션 발표,,,,,완료,,2026-08-08 02:15:02.758211+00:00
278,5,1975,,[패널] 퍼블릭,퍼블릭,패널토론,,,,,완료,,2026-08-08 02:15:02.758211+00:00
279,5,1976,,[패널] 스페셜,스페셜,패널토론,,,,,완료,,2026-08-08 02:15:02.758211+00:00
280,5,1977,,[발표] 스페셜,스페셜,세션 발표,,,,,완료,,2026-08-08 02:15:02.758211+00:00
281,5,1978,,[좌장] 퍼블릭,퍼블릭,패널토론,,,,,완료,,2026-08-08 02:15:02.758211+00:00
282,5,976,,[패널] 퍼블릭,퍼블릭,패널토론,,,,,완료,,2026-08-08 02:15:02.758211+00:00
283,5,1979,,[발표] 월드,월드,세션 발표,,,,,완료,,2026-08-08 02:15:02.758211+00:00
284,5,1980,,[발표] 퍼블릭,퍼블릭,세션 발표,,,,,완료,,2026-08-08 02:15:02.758211+00:00
285,5,1981,,[패널] 월드,월드,패널토론,,,,,완료,,2026-08-08 02:15:02.758211+00:00
286,5,1982,,[패널] 월드,월드,패널토론,,,,,완료,,2026-08-08 02:15:02.758211+00:00
287,5,1983,,[패널] 월드,월드,패널토론,,,,,완료,,2026-08-08 02:15:02.758211+00:00
288,5,1984,,[패널] 월드,월드,패널토론,,,,,완료,,2026-08-08 02:15:02.758211+00:00
289,5,1985,,[발표] 월드,월드,세션 발표,,,,,완료,,2026-08-08 02:15:02.758211+00:00
290,5,1986,,[패널] 월드,월드,패널토론,,,,,완료,,2026-08-08 02:15:02.758211+00:00
291,5,1987,,[좌장] 퍼블릭,퍼블릭,패널토론,,,,,완료,,2026-08-08 02:15:02.758211+00:00
292,5,1988,,[발표] 퍼블릭,퍼블릭,세션 발표,,,,,완료,,2026-08-08 02:15:02.758211+00:00
293,5,1989,,[발표] 퍼블릭,퍼블릭,세션 발표,,,,,완료,,2026-08-08 02:15:02.758211+00:00
294,5,1990,,[패널] 월드,월드,패널토론,,,,,완료,,2026-08-08 02:15:02.758211+00:00
295,5,1991,,[패널] 스페셜,스페셜,패널토론,,,,,완료,,2026-08-08 02:15:02.758211+00:00
296,5,1824,,[발표] 퍼블릭,퍼블릭,세션 발표,,,,,완료,,2026-08-08 02:15:02.758211+00:00
297,5,1992,,[발표] 스페셜,스페셜,세션 발표,,,,,완료,,2026-08-08 02:15:02.758211+00:00
298,5,1397,,[패널] 스페셜,스페셜,패널토론,,,,,완료,,2026-08-08 02:15:02.758211+00:00
299,5,1372,,[좌장] 퍼블릭,퍼블릭,패널토론,,,,,완료,,2026-08-08 02:15:02.758211+00:00
300,5,1993,,[패널] 퍼블릭,퍼블릭,패널토론,,,,,완료,,2026-08-08 02:15:02.758211+00:00
301,5,1440,,[패널] 퍼블릭,퍼블릭,패널토론,,,,,완료,,2026-08-08 02:15:02.758211+00:00
302,5,1814,,[좌장] 월드,월드,패널토론,,,,,완료,,2026-08-08 02:15:02.758211+00:00
303,5,1994,,[발표] 월드,월드,세션 발표,,,,,완료,,2026-08-08 02:15:02.758211+00:00
304,5,1995,,[발표] 월드,월드,세션 발표,,,,,완료,,2026-08-08 02:15:02.758211+00:00
305,5,1328,,[발표] 퍼블릭,퍼블릭,세션 발표,,,,,완료,,2026-08-08 02:15:02.758211+00:00
306,5,1996,,[패널] 스페셜,스페셜,패널토론,,,,,완료,,2026-08-08 02:15:02.758211+00:00
307,5,1997,,[좌장] 월드,월드,패널토론,,,,,완료,,2026-08-08 02:15:02.758211+00:00
308,5,1998,,[패널] 퍼블릭,퍼블릭,패널토론,,,,,완료,,2026-08-08 02:15:02.758211+00:00
309,5,1999,,[발표] 퍼블릭,퍼블릭,세션 발표,,,,,완료,,2026-08-08 02:15:02.758211+00:00
310,5,2000,,[패널] 퍼블릭,퍼블릭,패널토론,,,,,완료,,2026-08-08 02:15:02.758211+00:00
311,5,2001,,[발표] 월드,월드,세션 발표,,,,,완료,,2026-08-08 02:15:02.758211+00:00
312,5,1023,,[좌장] 퍼블릭,퍼블릭,패널토론,,,,,완료,,2026-08-08 02:15:02.758211+00:00
313,5,1288,,[패널] 월드,월드,패널토론,,,,,완료,,2026-08-08 02:15:02.758211+00:00
314,5,1219,,[패널] 스페셜,스페셜,패널토론,,,,,완료,,2026-08-08 02:15:02.758211+00:00
315,5,2002,,[발표] 퍼블릭,퍼블릭,세션 발표,,,,,완료,,2026-08-08 02:15:02.758211+00:00
316,5,1400,,[패널] 퍼블릭,퍼블릭,패널토론,,,,,완료,,2026-08-08 02:15:02.758211+00:00
317,5,2003,,[발표] 퍼블릭,퍼블릭,세션 발표,,,,,완료,,2026-08-08 02:15:02.758211+00:00
318,5,2004,,[좌장] 퍼블릭,퍼블릭,패널토론,,,,,완료,,2026-08-08 02:15:02.758211+00:00
319,5,2005,,[패널] 퍼블릭,퍼블릭,패널토론,,,,,완료,,2026-08-08 02:15:02.758211+00:00
320,5,2006,,[발표] 퍼블릭,퍼블릭,세션 발표,,,,,완료,,2026-08-08 02:15:02.758211+00:00
321,5,989,,[좌장] 퍼블릭,퍼블릭,패널토론,,,,,완료,,2026-08-08 02:15:02.758211+00:00
322,5,2007,,[발표] 퍼블릭,퍼블릭,세션 발표,,,,,완료,,2026-08-08 02:15:02.758211+00:00
323,5,2008,,[발표] 퍼블릭,퍼블릭,세션 발표,,,,,완료,,2026-08-08 02:15:02.758211+00:00
324,5,1447,,[패널] 퍼블릭,퍼블릭,패널토론,,,,,완료,,2026-08-08 02:15:02.758211+00:00
325,5,2009,,[패널] 월드,월드,패널토론,,,,,완료,,2026-08-08 02:15:02.758211+00:00
326,5,2010,,[좌장] 월드,월드,패널토론,,,,,완료,,2026-08-08 02:15:02.758211+00:00
327,5,2011,,[패널] 퍼블릭,퍼블릭,패널토론,,,,,완료,,2026-08-08 02:15:02.758211+00:00
328,5,2012,,[좌장] 스페셜,스페셜,패널토론,,,,,완료,,2026-08-08 02:15:02.758211+00:00
329,5,2012,,[패널] 월드,월드,패널토론,,,,,완료,,2026-08-08 02:15:02.758211+00:00
330,5,2013,,[발표] 월드,월드,세션 발표,,,,,완료,,2026-08-08 02:15:02.758211+00:00
331,5,2014,,[발표] 퍼블릭,퍼블릭,세션 발표,,,,,완료,,2026-08-08 02:15:02.758211+00:00
332,5,2015,,[발표] 퍼블릭,퍼블릭,세션 발표,,,,,완료,,2026-08-08 02:15:02.758211+00:00
333,5,2016,,[발표] 월드,월드,세션 발표,,,,,완료,,2026-08-08 02:15:02.758211+00:00
334,5,1448,,[발표] 월드,월드,세션 발표,,,,,완료,,2026-08-08 02:15:02.758211+00:00
335,5,2017,,[발표] 스페셜,스페셜,세션 발표,,,,,완료,,2026-08-08 02:15:02.758211+00:00
336,5,1294,,[좌장] 퍼블릭,퍼블릭,패널토론,,,,,완료,,2026-08-08 02:15:02.758211+00:00
337,5,1294,,[발표] 퍼블릭,퍼블릭,세션 발표,,,,,완료,,2026-08-08 02:15:02.758211+00:00
338,5,2018,,[패널] 퍼블릭,퍼블릭,패널토론,,,,,완료,,2026-08-08 02:15:02.758211+00:00
339,5,2019,,[패널] 퍼블릭,퍼블릭,패널토론,,,,,완료,,2026-08-08 02:15:02.758211+00:00
340,5,2020,,[발표] 월드,월드,세션 발표,,,,,완료,,2026-08-08 02:15:02.758211+00:00
341,5,2021,,[좌장] 월드,월드,패널토론,,,,,완료,,2026-08-08 02:15:02.758211+00:00
342,5,2022,,[패널] 스페셜,스페셜,패널토론,,,,,완료,,2026-08-08 02:15:02.758211+00:00
343,5,2023,,[발표] 퍼블릭,퍼블릭,세션 발표,,,,,완료,,2026-08-08 02:15:02.758211+00:00
344,5,2024,,[발표] 월드,월드,세션 발표,,,,,완료,,2026-08-08 02:15:02.758211+00:00
345,5,2025,,[발표] 스페셜,스페셜,세션 발표,,,,,완료,,2026-08-08 02:15:02.758211+00:00
346,5,1258,,[발표] 스페셜,스페셜,세션 발표,,,,,완료,,2026-08-08 02:15:02.758211+00:00
347,5,2026,,[패널] 월드,월드,패널토론,,,,,완료,,2026-08-08 02:15:02.758211+00:00
348,5,1404,,[발표] 퍼블릭,퍼블릭,세션 발표,,,,,완료,,2026-08-08 02:15:02.758211+00:00
349,5,1619,,[발표] 월드,월드,세션 발표,,,,,완료,,2026-08-08 02:15:02.758211+00:00
350,5,2027,,[발표] 스페셜,스페셜,세션 발표,,,,,완료,,2026-08-08 02:15:02.758211+00:00
351,5,2028,,[발표] 월드,월드,세션 발표,,,,,완료,,2026-08-08 02:15:02.758211+00:00
352,5,1073,,[발표] 스페셜,스페셜,세션 발표,,,,,완료,,2026-08-08 02:15:02.758211+00:00
353,5,2029,,[발표] 스페셜,스페셜,세션 발표,,,,,완료,,2026-08-08 02:15:02.758211+00:00
354,5,2030,,[발표] 월드,월드,세션 발표,,,,,완료,,2026-08-08 02:15:02.758211+00:00
355,5,2031,,[발표] 월드,월드,세션 발표,,,,,완료,,2026-08-08 02:15:02.758211+00:00
356,5,2032,,[발표] 월드,월드,세션 발표,,,,,완료,,2026-08-08 02:15:02.758211+00:00
357,5,2033,,[발표] 월드,월드,세션 발표,,,,,완료,,2026-08-08 02:15:02.758211+00:00
358,5,2034,,[발표] 월드,월드,세션 발표,,,,,완료,,2026-08-08 02:15:02.758211+00:00
359,5,1565,,[좌장] 퍼블릭,퍼블릭,패널토론,,,,,완료,,2026-08-08 02:15:02.758211+00:00
360,7,2035,,[발표],,세션 발표,,,,,완료,,2026-08-08 02:15:02.758211+00:00
361,7,1839,,[패널],,패널토론,,,,,완료,,2026-08-08 02:15:02.758211+00:00
362,7,2036,,[발표],,세션 발표,,,,,완료,,2026-08-08 02:15:02.758211+00:00
363,7,1392,,[발표],,세션 발표,,,,,완료,,2026-08-08 02:15:02.758211+00:00
364,7,1968,,[좌장],,패널토론,,,,,완료,,2026-08-08 02:15:02.758211+00:00
365,7,2037,,[환영사],,기타,,,,,완료,,2026-08-08 02:15:02.758211+00:00
366,7,2014,,[패널],,패널토론,,,,,완료,,2026-08-08 02:15:02.758211+00:00
367,7,2038,,[패널],,패널토론,,,,,완료,,2026-08-08 02:15:02.758211+00:00
368,7,2039,,[축사],,기타,,,,,완료,,2026-08-08 02:15:02.758211+00:00
369,7,1937,,[발제],,세션 발표,,,,,완료,,2026-08-08 02:15:02.758211+00:00
370,8,2040,,[발표],,세션 발표,,,,,완료,,2026-08-08 02:15:02.758211+00:00
371,8,1384,,[발표],,세션 발표,,,,,완료,,2026-08-08 02:15:02.758211+00:00
372,8,1590,,[좌장],,패널토론,,,,,완료,,2026-08-08 02:15:02.758211+00:00
373,8,1590,,[발표],,세션 발표,,,,,완료,,2026-08-08 02:15:02.758211+00:00
374,8,2041,,[발표],,세션 발표,,,,,완료,,2026-08-08 02:15:02.758211+00:00
375,8,2005,,[발표],,세션 발표,,,,,완료,,2026-08-08 02:15:02.758211+00:00
376,8,1937,,[발제],,세션 발표,,,,,완료,,2026-08-08 02:15:02.758211+00:00
377,9,1188,,[좌장],,패널토론,,,,,완료,,2026-08-08 02:15:02.758211+00:00
378,9,2042,,[패널],,패널토론,,,,,완료,,2026-08-08 02:15:02.758211+00:00
379,9,2043,,[패널],,패널토론,,,,,완료,,2026-08-08 02:15:02.758211+00:00
380,9,2044,,[발표],,세션 발표,,,,,완료,,2026-08-08 02:15:02.758211+00:00
381,9,1870,,[패널],,패널토론,,,,,완료,,2026-08-08 02:15:02.758211+00:00
382,9,1888,,[패널],,패널토론,,,,,완료,,2026-08-08 02:15:02.758211+00:00
383,9,2045,,[환영사],,기타,,,,,완료,,2026-08-08 02:15:02.758211+00:00
384,9,2046,,[발표],,세션 발표,,,,,완료,,2026-08-08 02:15:02.758211+00:00
385,9,998,,[발표],,세션 발표,,,,,완료,,2026-08-08 02:15:02.758211+00:00
386,9,2047,,[패널],,패널토론,,,,,완료,,2026-08-08 02:15:02.758211+00:00
387,9,1283,,[발표],,세션 발표,,,,,완료,,2026-08-08 02:15:02.758211+00:00
388,9,1824,,[좌장],,패널토론,,,,,완료,,2026-08-08 02:15:02.758211+00:00
389,9,2048,,[패널],,패널토론,,,,,완료,,2026-08-08 02:15:02.758211+00:00
390,9,2049,,[패널],,패널토론,,,,,완료,,2026-08-08 02:15:02.758211+00:00
391,9,2050,,[환영사],,기타,,,,,완료,,2026-08-08 02:15:02.758211+00:00
392,9,2051,,[축사],,기타,,,,,완료,,2026-08-08 02:15:02.758211+00:00
393,9,2046,,[축사],,기타,,,,,완료,,2026-08-08 02:15:02.758211+00:00
394,9,2052,,[축사],,기타,,,,,완료,,2026-08-08 02:15:02.758211+00:00
395,9,1937,,[발제],,세션 발표,,,,,완료,,2026-08-08 02:15:02.758211+00:00
396,10,1865,,[좌장],,패널토론,,,,,완료,,2026-08-08 02:15:02.758211+00:00
397,10,1809,,[발표],,세션 발표,,,,,완료,,2026-08-08 02:15:02.758211+00:00
398,10,2053,,[패널],,패널토론,,,,,완료,,2026-08-08 02:15:02.758211+00:00
399,10,1936,,[발표],,세션 발표,,,,,완료,,2026-08-08 02:15:02.758211+00:00
400,10,2054,,[발표],,세션 발표,,,,,완료,,2026-08-08 02:15:02.758211+00:00
401,10,917,,[발표],,세션 발표,,,,,완료,,2026-08-08 02:15:04.343611+00:00
402,10,2055,,[기조강연],,기조연설,,,,,완료,,2026-08-08 02:15:04.343611+00:00
403,11,1188,,[좌장],,패널토론,,,,,완료,,2026-08-08 02:15:04.343611+00:00
404,11,1489,,[발표],,세션 발표,,,,,완료,,2026-08-08 02:15:04.343611+00:00
405,11,1853,,[좌장],,패널토론,,,,,완료,,2026-08-08 02:15:04.343611+00:00
406,11,2056,,[발표],,세션 발표,,,,,완료,,2026-08-08 02:15:04.343611+00:00
407,11,2057,,[패널],,패널토론,,,,,완료,,2026-08-08 02:15:04.343611+00:00
408,11,1424,,[발표],,세션 발표,,,,,완료,,2026-08-08 02:15:04.343611+00:00
409,11,2058,,[발표],,세션 발표,,,,,완료,,2026-08-08 02:15:04.343611+00:00
410,11,1913,,[발표],,세션 발표,,,,,완료,,2026-08-08 02:15:04.343611+00:00
411,11,2059,,[발표],,세션 발표,,,,,완료,,2026-08-08 02:15:04.343611+00:00
412,11,2060,,[패널],,패널토론,,,,,완료,,2026-08-08 02:15:04.343611+00:00
413,11,2061,,[패널],,패널토론,,,,,완료,,2026-08-08 02:15:04.343611+00:00
414,11,1824,,[패널],,패널토론,,,,,완료,,2026-08-08 02:15:04.343611+00:00
415,11,2062,,[기조강연],,기조연설,,,,,완료,,2026-08-08 02:15:04.343611+00:00
416,12,1188,,[좌장],,패널토론,,,,,완료,,2026-08-08 02:15:04.343611+00:00
417,12,2063,,[발표],,세션 발표,,,,,완료,,2026-08-08 02:15:04.343611+00:00
418,12,2064,,[발표],,세션 발표,,,,,완료,,2026-08-08 02:15:04.343611+00:00
419,12,2065,,[패널],,패널토론,,,,,완료,,2026-08-08 02:15:04.343611+00:00
420,12,1490,,[발표],,세션 발표,,,,,완료,,2026-08-08 02:15:04.343611+00:00
421,12,2066,,[패널],,패널토론,,,,,완료,,2026-08-08 02:15:04.343611+00:00
422,12,2067,,[발표],,세션 발표,,,,,완료,,2026-08-08 02:15:04.343611+00:00
423,12,2068,,[발표],,세션 발표,,,,,완료,,2026-08-08 02:15:04.343611+00:00
424,12,1893,,[패널],,패널토론,,,,,완료,,2026-08-08 02:15:04.343611+00:00
425,12,2069,,[발표],,세션 발표,,,,,완료,,2026-08-08 02:15:04.343611+00:00
426,12,1915,,[패널],,패널토론,,,,,완료,,2026-08-08 02:15:04.343611+00:00
427,12,2070,,[환영사],,기타,,,,,완료,,2026-08-08 02:15:04.343611+00:00
428,12,2004,,[좌장],,패널토론,,,,,완료,,2026-08-08 02:15:04.343611+00:00
429,12,1937,,[개회사],,기타,,,,,완료,,2026-08-08 02:15:04.343611+00:00
430,13,1467,,[발표],,세션 발표,,,,,완료,,2026-08-08 02:15:04.343611+00:00
431,13,2071,,[발표],,세션 발표,,,,,완료,,2026-08-08 02:15:04.343611+00:00
432,13,2072,,[패널],,패널토론,,,,,완료,,2026-08-08 02:15:04.343611+00:00
433,13,1314,,[발표],,세션 발표,,,,,완료,,2026-08-08 02:15:04.343611+00:00
434,13,2073,,[발표],,세션 발표,,,,,완료,,2026-08-08 02:15:04.343611+00:00
435,13,2074,,[패널],,패널토론,,,,,완료,,2026-08-08 02:15:04.343611+00:00
436,13,2075,,[축사 및 환영사],,기타,,,,,완료,,2026-08-08 02:15:04.343611+00:00
437,13,2076,,[축사 및 환영사],,기타,,,,,완료,,2026-08-08 02:15:04.343611+00:00
438,13,2077,,[축사 및 환영사],,기타,,,,,완료,,2026-08-08 02:15:04.343611+00:00
439,14,1841,,[발표],,세션 발표,,,,,완료,,2026-08-08 02:15:04.343611+00:00
440,14,2078,,[패널],,패널토론,,,,,완료,,2026-08-08 02:15:04.343611+00:00
441,14,2079,,[발표],,세션 발표,,,,,완료,,2026-08-08 02:15:04.343611+00:00
442,14,1379,,[발표],,세션 발표,,,,,완료,,2026-08-08 02:15:04.343611+00:00
443,14,1006,,[패널],,패널토론,,,,,완료,,2026-08-08 02:15:04.343611+00:00
444,14,1870,,[발표],,세션 발표,,,,,완료,,2026-08-08 02:15:04.343611+00:00
445,14,2080,,[발표],,세션 발표,,,,,완료,,2026-08-08 02:15:04.343611+00:00
446,14,2081,,[패널],,패널토론,,,,,완료,,2026-08-08 02:15:04.343611+00:00
447,14,2082,,[발표],,세션 발표,,,,,완료,,2026-08-08 02:15:04.343611+00:00
448,14,1478,,[발표],,세션 발표,,,,,완료,,2026-08-08 02:15:04.343611+00:00
449,14,1287,,[발표],,세션 발표,,,,,완료,,2026-08-08 02:15:04.343611+00:00
450,14,2083,,[축사 및 환영사],,기타,,,,,완료,,2026-08-08 02:15:04.343611+00:00
451,14,1937,,[축사 및 환영사],,기타,,,,,완료,,2026-08-08 02:15:04.343611+00:00
452,15,1188,,[좌장] 월드푸드테크 플랫폼,월드푸드테크 플랫폼,패널토론,,,,,완료,,2026-08-08 02:15:04.343611+00:00
453,15,2084,,[좌장] 글로컬푸드테크,글로컬푸드테크,패널토론,,,,,완료,,2026-08-08 02:15:04.343611+00:00
454,15,1491,,[발표] 지속가능성,지속가능성,세션 발표,,,,,완료,,2026-08-08 02:15:04.343611+00:00
455,15,2085,,[발표] 디지털 전환,디지털 전환,세션 발표,,,,,완료,,2026-08-08 02:15:04.343611+00:00
456,15,1383,,[패널] 지속가능성,지속가능성,패널토론,,,,,완료,,2026-08-08 02:15:04.343611+00:00
457,15,1467,,[발표] 디지털 전환,디지털 전환,세션 발표,,,,,완료,,2026-08-08 02:15:04.343611+00:00
458,15,1900,,[좌장] 디지털 전환,디지털 전환,패널토론,,,,,완료,,2026-08-08 02:15:04.343611+00:00
459,15,2086,,[패널] 월드푸드테크 플랫폼,월드푸드테크 플랫폼,패널토론,,,,,완료,,2026-08-08 02:15:04.343611+00:00
460,15,2087,,[발표] 글로컬푸드테크,글로컬푸드테크,세션 발표,,,,,완료,,2026-08-08 02:15:04.343611+00:00
461,15,1923,,[좌장] 지속가능성,지속가능성,패널토론,,,,,완료,,2026-08-08 02:15:04.343611+00:00
462,15,2062,,[발표] 월드푸드테크 플랫폼,월드푸드테크 플랫폼,세션 발표,,,,,완료,,2026-08-08 02:15:04.343611+00:00
463,15,1943,,[패널] 디지털 전환,디지털 전환,패널토론,,,,,완료,,2026-08-08 02:15:04.343611+00:00
464,15,1028,,[패널] 지속가능성,지속가능성,패널토론,,,,,완료,,2026-08-08 02:15:04.343611+00:00
465,15,2088,,[패널] 글로컬푸드테크,글로컬푸드테크,패널토론,,,,,완료,,2026-08-08 02:15:04.343611+00:00
466,15,1824,,[패널] 디지털 전환,디지털 전환,패널토론,,,,,완료,,2026-08-08 02:15:04.343611+00:00
467,15,1372,,[패널] 글로컬푸드테크,글로컬푸드테크,패널토론,,,,,완료,,2026-08-08 02:15:04.343611+00:00
468,15,2089,,[발표] 월드푸드테크 플랫폼,월드푸드테크 플랫폼,세션 발표,,,,,완료,,2026-08-08 02:15:04.343611+00:00
469,15,2015,,[발표] 글로컬푸드테크,글로컬푸드테크,세션 발표,,,,,완료,,2026-08-08 02:15:04.343611+00:00
470,15,2024,,[발표] 디지털 전환,디지털 전환,세션 발표,,,,,완료,,2026-08-08 02:15:04.343611+00:00
471,15,2090,,[발표] 지속가능성,지속가능성,세션 발표,,,,,완료,,2026-08-08 02:15:04.343611+00:00
472,15,2091,,[발표] 월드푸드테크 플랫폼,월드푸드테크 플랫폼,세션 발표,,,,,완료,,2026-08-08 02:15:04.343611+00:00
473,15,2092,,[패널] 월드푸드테크 플랫폼,월드푸드테크 플랫폼,패널토론,,,,,완료,,2026-08-08 02:15:04.343611+00:00
474,15,2093,,[발표] 글로컬푸드테크,글로컬푸드테크,세션 발표,,,,,완료,,2026-08-08 02:15:04.343611+00:00
475,15,2094,,[발표] 지속가능성,지속가능성,세션 발표,,,,,완료,,2026-08-08 02:15:04.343611+00:00
476,16,2095,,[패널] 세션3. 최적화 솔루션,세션3. 최적화 솔루션,패널토론,,,,,완료,,2026-08-08 02:15:04.343611+00:00
477,16,2096,,[좌장] 세션8. 창발생태계,세션8. 창발생태계,패널토론,,,,,완료,,2026-08-08 02:15:04.343611+00:00
478,16,2097,,[발표] 세션7. 글로컬융합,세션7. 글로컬융합,세션 발표,,,,,완료,,2026-08-08 02:15:04.343611+00:00
479,16,1807,,[좌장] 세션7. 글로컬융합,세션7. 글로컬융합,패널토론,,,,,완료,,2026-08-08 02:15:04.343611+00:00
480,16,1841,,[패널] 세션5. 친환경,세션5. 친환경,패널토론,,,,,완료,,2026-08-08 02:15:04.343611+00:00
481,16,1188,,[좌장] 세션5. 친환경,세션5. 친환경,패널토론,,,,,완료,,2026-08-08 02:15:04.343611+00:00
482,16,2098,,[발표] 세션1. 푸드테크 혁명,세션1. 푸드테크 혁명,세션 발표,,,,,완료,,2026-08-08 02:15:04.343611+00:00
483,16,2099,,[패널] 세션2. 디지털 전환,세션2. 디지털 전환,패널토론,,,,,완료,,2026-08-08 02:15:04.343611+00:00
484,16,2100,,[패널] 세션8. 창발생태계,세션8. 창발생태계,패널토론,,,,,완료,,2026-08-08 02:15:04.343611+00:00
485,16,2101,,[패널] 세션4. 맞춤형 헬스케어,세션4. 맞춤형 헬스케어,패널토론,,,,,완료,,2026-08-08 02:15:04.343611+00:00
486,16,2102,,[패널] 세션6. 블루푸드테크,세션6. 블루푸드테크,패널토론,,,,,완료,,2026-08-08 02:15:04.343611+00:00
487,16,2103,,[발표] 세션1. 푸드테크 혁명,세션1. 푸드테크 혁명,세션 발표,,,,,완료,,2026-08-08 02:15:04.343611+00:00
488,16,2104,,[발표] 세션3. 최적화 솔루션,세션3. 최적화 솔루션,세션 발표,,,,,완료,,2026-08-08 02:15:04.343611+00:00
489,16,2105,,[패널] 세션7. 글로컬융합,세션7. 글로컬융합,패널토론,,,,,완료,,2026-08-08 02:15:04.343611+00:00
490,16,1900,,[발표] 세션3. 최적화 솔루션,세션3. 최적화 솔루션,세션 발표,,,,,완료,,2026-08-08 02:15:04.343611+00:00
491,16,1424,,[발표] 세션4. 맞춤형 헬스케어,세션4. 맞춤형 헬스케어,세션 발표,,,,,완료,,2026-08-08 02:15:04.343611+00:00
492,16,2106,,[좌장] 세션3. 최적화 솔루션,세션3. 최적화 솔루션,패널토론,,,,,완료,,2026-08-08 02:15:04.343611+00:00
493,16,2107,,[발표] 세션4. 맞춤형 헬스케어,세션4. 맞춤형 헬스케어,세션 발표,,,,,완료,,2026-08-08 02:15:04.343611+00:00
494,16,2108,,[좌장] 세션6. 블루푸드테크,세션6. 블루푸드테크,패널토론,,,,,완료,,2026-08-08 02:15:04.343611+00:00
495,16,2109,,[발표] 세션5. 친환경,세션5. 친환경,세션 발표,,,,,완료,,2026-08-08 02:15:04.343611+00:00
496,16,2110,,[패널] 세션8. 창발생태계,세션8. 창발생태계,패널토론,,,,,완료,,2026-08-08 02:15:04.343611+00:00
497,16,2111,,[발표] 세션1. 푸드테크 혁명,세션1. 푸드테크 혁명,세션 발표,,,,,완료,,2026-08-08 02:15:04.343611+00:00
498,16,979,,[좌장] 세션4. 맞춤형 헬스케어,세션4. 맞춤형 헬스케어,패널토론,,,,,완료,,2026-08-08 02:15:04.343611+00:00
499,16,2112,,[발표] 세션8. 창발생태계,세션8. 창발생태계,세션 발표,,,,,완료,,2026-08-08 02:15:04.343611+00:00
500,16,2113,,[발표] 세션6. 블루푸드테크,세션6. 블루푸드테크,세션 발표,,,,,완료,,2026-08-08 02:15:04.343611+00:00
501,16,2114,,[발표] 세션2. 디지털 전환,세션2. 디지털 전환,세션 발표,,,,,완료,,2026-08-08 02:15:04.343611+00:00
502,16,2115,,[발표] 세션3. 최적화 솔루션,세션3. 최적화 솔루션,세션 발표,,,,,완료,,2026-08-08 02:15:04.343611+00:00
503,16,2116,,[좌장] 세션2. 디지털 전환,세션2. 디지털 전환,패널토론,,,,,완료,,2026-08-08 02:15:04.343611+00:00
504,16,2117,,[발표] 세션2. 디지털 전환,세션2. 디지털 전환,세션 발표,,,,,완료,,2026-08-08 02:15:04.343611+00:00
505,16,2118,,[패널] 세션1. 푸드테크 혁명,세션1. 푸드테크 혁명,패널토론,,,,,완료,,2026-08-08 02:15:04.343611+00:00
506,16,1602,,[패널] 세션5. 친환경,세션5. 친환경,패널토론,,,,,완료,,2026-08-08 02:15:04.343611+00:00
507,16,1603,,[패널] 세션7. 글로컬융합,세션7. 글로컬융합,패널토론,,,,,완료,,2026-08-08 02:15:04.343611+00:00
508,16,2119,,[발표] 세션6. 블루푸드테크,세션6. 블루푸드테크,세션 발표,,,,,완료,,2026-08-08 02:15:04.343611+00:00
509,16,2120,,[발표] 세션8. 창발생태계,세션8. 창발생태계,세션 발표,,,,,완료,,2026-08-08 02:15:04.343611+00:00
510,16,1814,,[좌장] 세션1. 푸드테크 혁명,세션1. 푸드테크 혁명,패널토론,,,,,완료,,2026-08-08 02:15:04.343611+00:00
511,16,2121,,[발표] 세션5. 친환경,세션5. 친환경,세션 발표,,,,,완료,,2026-08-08 02:15:04.343611+00:00
512,16,2122,,[패널] 세션6. 블루푸드테크,세션6. 블루푸드테크,패널토론,,,,,완료,,2026-08-08 02:15:04.343611+00:00
513,16,2021,,[패널] 세션3. 최적화 솔루션,세션3. 최적화 솔루션,패널토론,,,,,완료,,2026-08-08 02:15:04.343611+00:00
514,16,2123,,[패널] 세션2. 디지털 전환,세션2. 디지털 전환,패널토론,,,,,완료,,2026-08-08 02:15:04.343611+00:00
515,16,1619,,[발표] 세션2. 디지털 전환,세션2. 디지털 전환,세션 발표,,,,,완료,,2026-08-08 02:15:04.343611+00:00
516,16,2124,,[발표] 세션6. 블루푸드테크,세션6. 블루푸드테크,세션 발표,,,,,완료,,2026-08-08 02:15:04.343611+00:00
517,16,2125,,[발표] 세션7. 글로컬융합,세션7. 글로컬융합,세션 발표,,,,,완료,,2026-08-08 02:15:04.343611+00:00
518,16,2030,,[패널] 세션4. 맞춤형 헬스케어,세션4. 맞춤형 헬스케어,패널토론,,,,,완료,,2026-08-08 02:15:04.343611+00:00
519,16,2126,,[패널] 세션1. 푸드테크 혁명,세션1. 푸드테크 혁명,패널토론,,,,,완료,,2026-08-08 02:15:04.343611+00:00
520,16,2127,,[발표] 세션5. 친환경,세션5. 친환경,세션 발표,,,,,완료,,2026-08-08 02:15:04.343611+00:00
521,16,2128,,[발표] 세션7. 글로컬융합,세션7. 글로컬융합,세션 발표,,,,,완료,,2026-08-08 02:15:04.343611+00:00
522,16,2129,,[발표] 세션8. 창발생태계,세션8. 창발생태계,세션 발표,,,,,완료,,2026-08-08 02:15:04.343611+00:00
523,16,2130,,[발표] 세션4. 맞춤형 헬스케어,세션4. 맞춤형 헬스케어,세션 발표,,,,,완료,,2026-08-08 02:15:04.343611+00:00
524,17,2131,,[발표],,세션 발표,,,,,완료,,2026-08-08 02:15:04.343611+00:00
525,17,2132,,[발표],,세션 발표,,,,,완료,,2026-08-08 02:15:04.343611+00:00
526,17,2133,,[축사],,기타,,,,,완료,,2026-08-08 02:15:04.343611+00:00
527,18,2134,,[발표],,세션 발표,,,,,완료,,2026-08-08 02:15:04.343611+00:00
528,18,1453,,[발표],,세션 발표,,,,,완료,,2026-08-08 02:15:04.343611+00:00
529,18,2135,,[발표],,세션 발표,,,,,완료,,2026-08-08 02:15:04.343611+00:00
530,18,2136,,[패널],,패널토론,,,,,완료,,2026-08-08 02:15:04.343611+00:00
531,18,1876,,[발표],,세션 발표,,,,,완료,,2026-08-08 02:15:04.343611+00:00
532,18,2137,,[발표],,세션 발표,,,,,완료,,2026-08-08 02:15:04.343611+00:00
533,18,1467,,[발표],,세션 발표,,,,,완료,,2026-08-08 02:15:04.343611+00:00
534,18,2138,,[패널],,패널토론,,,,,완료,,2026-08-08 02:15:04.343611+00:00
535,18,1917,,[발표],,세션 발표,,,,,완료,,2026-08-08 02:15:04.343611+00:00
536,18,2132,,[발표],,세션 발표,,,,,완료,,2026-08-08 02:15:04.343611+00:00
537,18,2132,,[환영사],,기타,,,,,완료,,2026-08-08 02:15:04.343611+00:00
538,18,1370,,[발표],,세션 발표,,,,,완료,,2026-08-08 02:15:04.343611+00:00
539,18,2139,,[발표],,세션 발표,,,,,완료,,2026-08-08 02:15:04.343611+00:00
540,18,2140,,[패널],,패널토론,,,,,완료,,2026-08-08 02:15:04.343611+00:00
541,18,2141,,[개회사],,기타,,,,,완료,,2026-08-08 02:15:04.343611+00:00
542,18,2142,,[발제],,세션 발표,,,,,완료,,2026-08-08 02:15:04.343611+00:00
543,6,1815,,[발표] WORLD15 그린바이오/애그테크,WORLD15 그린바이오/애그테크,세션 발표,,,,,완료,,2026-08-08 02:15:04.343611+00:00
544,6,2143,,[발표] WORLD13 세포배양식품,WORLD13 세포배양식품,세션 발표,,,,,완료,,2026-08-08 02:15:04.343611+00:00
545,6,2144,,[발표] WORLD16 창업생태계,WORLD16 창업생태계,세션 발표,,,,,완료,,2026-08-08 02:15:04.343611+00:00
546,6,2145,,[좌장] WORLD13 세포배양식품,WORLD13 세포배양식품,패널토론,,,,,완료,,2026-08-08 02:15:04.343611+00:00
547,6,2146,,[발표] COMMITTEE6 푸드그린바이오,COMMITTEE6 푸드그린바이오,세션 발표,,,,,완료,,2026-08-08 02:15:04.343611+00:00
548,6,2147,,[발표] COMMITTEE8 푸드세이프티테크,COMMITTEE8 푸드세이프티테크,세션 발표,,,,,완료,,2026-08-08 02:15:04.343611+00:00
549,6,2148,,[발표] GLOCAL6 광주 전남 X 그린바이오/푸드업사이클링,GLOCAL6 광주 전남 X 그린바이오/푸드업사이클링,세션 발표,,,,,완료,,2026-08-08 02:15:04.343611+00:00
550,6,2149,,[좌장] INSTITUTION7 농업정책보험금융원 X 창업 생태계 지원,INSTITUTION7 농업정책보험금융원 X 창업 생태계 지원,패널토론,,,,,완료,,2026-08-08 02:15:04.343611+00:00
551,6,1379,,[발표] WORLD13 세포배양식품,WORLD13 세포배양식품,세션 발표,,,,,완료,,2026-08-08 02:15:04.343611+00:00
552,6,2150,,[발표] GLOCAL6 광주 전남 X 그린바이오/푸드업사이클링,GLOCAL6 광주 전남 X 그린바이오/푸드업사이클링,세션 발표,,,,,완료,,2026-08-08 02:15:04.343611+00:00
553,19,2151,,[패널],,패널토론,,,,,완료,,2026-08-08 02:15:04.343611+00:00
554,6,2152,,[발표] GLOCAL8 제주 X 글로컬 6차산업,GLOCAL8 제주 X 글로컬 6차산업,세션 발표,,,,,완료,,2026-08-08 02:15:04.343611+00:00
555,6,2153,,[좌장] WORLD12 블루푸드테크,WORLD12 블루푸드테크,패널토론,,,,,완료,,2026-08-08 02:15:04.343611+00:00
556,6,2154,,[좌장] GLOCAL6 광주 전남 X 그린바이오/푸드업사이클링,GLOCAL6 광주 전남 X 그린바이오/푸드업사이클링,패널토론,,,,,완료,,2026-08-08 02:15:04.343611+00:00
557,6,2155,,[좌장] WORLD11 대안식품,WORLD11 대안식품,패널토론,,,,,완료,,2026-08-08 02:15:04.343611+00:00
558,6,2156,,[발표] COMMITTEE8 푸드세이프티테크,COMMITTEE8 푸드세이프티테크,세션 발표,,,,,완료,,2026-08-08 02:15:04.343611+00:00
559,6,1180,,[발표] WORLD11 대안식품,WORLD11 대안식품,세션 발표,,,,,완료,,2026-08-08 02:15:04.343611+00:00
560,6,1874,,[발표] GLOCAL8 제주 X 글로컬 6차산업,GLOCAL8 제주 X 글로컬 6차산업,세션 발표,,,,,완료,,2026-08-08 02:15:04.343611+00:00
561,6,2157,,[발표] INSTITUTION6 농촌진흥청 X 농업과 식품산업의 융합,INSTITUTION6 농촌진흥청 X 농업과 식품산업의 융합,세션 발표,,,,,완료,,2026-08-08 02:15:04.343611+00:00
562,6,2158,,[발표] INSTITUTION7 농업정책보험금융원 X 창업 생태계 지원,INSTITUTION7 농업정책보험금융원 X 창업 생태계 지원,세션 발표,,,,,완료,,2026-08-08 02:15:04.343611+00:00
563,6,1883,,[발표] WORLD12 블루푸드테크,WORLD12 블루푸드테크,세션 발표,,,,,완료,,2026-08-08 02:15:04.343611+00:00
564,6,2159,,[발표] INSTITUTION7 농업정책보험금융원 X 창업 생태계 지원,INSTITUTION7 농업정책보험금융원 X 창업 생태계 지원,세션 발표,,,,,완료,,2026-08-08 02:15:04.343611+00:00
565,19,2160,,[발표],,세션 발표,,,,,완료,,2026-08-08 02:15:04.343611+00:00
566,6,1383,,[발표] COMMITTEE7 푸드업사이클링,COMMITTEE7 푸드업사이클링,세션 발표,,,,,완료,,2026-08-08 02:15:04.343611+00:00
567,6,1893,,[발표] WORLD14 수출,WORLD14 수출,세션 발표,,,,,완료,,2026-08-08 02:15:04.343611+00:00
568,6,1545,,[발표] COMMITTEE8 푸드세이프티테크,COMMITTEE8 푸드세이프티테크,세션 발표,,,,,완료,,2026-08-08 02:15:04.343611+00:00
569,6,2161,,[발표] INSTITUTION7 농업정책보험금융원 X 창업 생태계 지원,INSTITUTION7 농업정책보험금융원 X 창업 생태계 지원,세션 발표,,,,,완료,,2026-08-08 02:15:04.343611+00:00
570,6,2162,,[발표] INSTITUTION6 농촌진흥청 X 농업과 식품산업의 융합,INSTITUTION6 농촌진흥청 X 농업과 식품산업의 융합,세션 발표,,,,,완료,,2026-08-08 02:15:04.343611+00:00
571,6,2163,,[발표] INSTITUTION6 농촌진흥청 X 농업과 식품산업의 융합,INSTITUTION6 농촌진흥청 X 농업과 식품산업의 융합,세션 발표,,,,,완료,,2026-08-08 02:15:04.343611+00:00
572,6,2164,,[발표] INSTITUTION8 해양수산부 X 블루푸드,INSTITUTION8 해양수산부 X 블루푸드,세션 발표,,,,,완료,,2026-08-08 02:15:04.343611+00:00
573,6,1143,,[발표] WORLD16 창업생태계,WORLD16 창업생태계,세션 발표,,,,,완료,,2026-08-08 02:15:04.343611+00:00
574,6,2165,,[발표] COMMITTEE6 푸드그린바이오,COMMITTEE6 푸드그린바이오,세션 발표,,,,,완료,,2026-08-08 02:15:04.343611+00:00
575,19,2166,,[패널],,패널토론,,,,,완료,,2026-08-08 02:15:04.343611+00:00
576,6,2167,,[발표] WORLD15 그린바이오/애그테크,WORLD15 그린바이오/애그테크,세션 발표,,,,,완료,,2026-08-08 02:15:04.343611+00:00
577,6,2168,,[발표] WORLD14 수출,WORLD14 수출,세션 발표,,,,,완료,,2026-08-08 02:15:04.343611+00:00
578,6,2169,,[발표] WORLD12 블루푸드테크,WORLD12 블루푸드테크,세션 발표,,,,,완료,,2026-08-08 02:15:04.343611+00:00
579,6,2170,,[좌장] INSTITUTION6 농촌진흥청 X 농업과 식품산업의 융합,INSTITUTION6 농촌진흥청 X 농업과 식품산업의 융합,패널토론,,,,,완료,,2026-08-08 02:15:04.343611+00:00
580,6,2171,,[발표] INSTITUTION8 해양수산부 X 블루푸드,INSTITUTION8 해양수산부 X 블루푸드,세션 발표,,,,,완료,,2026-08-08 02:15:04.343611+00:00
581,6,2172,,[발표] WORLD11 대안식품,WORLD11 대안식품,세션 발표,,,,,완료,,2026-08-08 02:15:04.343611+00:00
582,6,1393,,[발표] GLOCAL6 광주 전남 X 그린바이오/푸드업사이클링,GLOCAL6 광주 전남 X 그린바이오/푸드업사이클링,세션 발표,,,,,완료,,2026-08-08 02:15:04.343611+00:00
583,19,1937,,[좌장],,패널토론,,,,,완료,,2026-08-08 02:15:04.343611+00:00
584,6,1938,,[발표] INSTITUTION6 농촌진흥청 X 농업과 식품산업의 융합,INSTITUTION6 농촌진흥청 X 농업과 식품산업의 융합,세션 발표,,,,,완료,,2026-08-08 02:15:04.343611+00:00
585,6,1362,,[발표] GLOCAL7 경북 구미 X 스마트제조,GLOCAL7 경북 구미 X 스마트제조,세션 발표,,,,,완료,,2026-08-08 02:15:04.343611+00:00
586,6,2173,,[좌장] WORLD14 수출,WORLD14 수출,패널토론,,,,,완료,,2026-08-08 02:15:04.343611+00:00
587,6,2174,,[발표] COMMITTEE7 푸드업사이클링,COMMITTEE7 푸드업사이클링,세션 발표,,,,,완료,,2026-08-08 02:15:04.343611+00:00
588,6,1966,,[발표] WORLD15 그린바이오/애그테크,WORLD15 그린바이오/애그테크,세션 발표,,,,,완료,,2026-08-08 02:15:04.343611+00:00
589,6,2175,,[발표] COMMITTEE7 푸드업사이클링,COMMITTEE7 푸드업사이클링,세션 발표,,,,,완료,,2026-08-08 02:15:04.343611+00:00
590,6,2176,,[발표] INSTITUTION8 해양수산부 X 블루푸드,INSTITUTION8 해양수산부 X 블루푸드,세션 발표,,,,,완료,,2026-08-08 02:15:04.343611+00:00
591,6,2177,,[발표] GLOCAL7 경북 구미 X 스마트제조,GLOCAL7 경북 구미 X 스마트제조,세션 발표,,,,,완료,,2026-08-08 02:15:04.343611+00:00
592,6,1478,,[발표] WORLD12 블루푸드테크,WORLD12 블루푸드테크,세션 발표,,,,,완료,,2026-08-08 02:15:04.343611+00:00
593,6,2178,,[발표] COMMITTEE6 푸드그린바이오,COMMITTEE6 푸드그린바이오,세션 발표,,,,,완료,,2026-08-08 02:15:04.343611+00:00
594,6,2179,,[발표] WORLD16 창업생태계,WORLD16 창업생태계,세션 발표,,,,,완료,,2026-08-08 02:15:04.343611+00:00
595,6,2180,,[발표] WORLD12 블루푸드테크,WORLD12 블루푸드테크,세션 발표,,,,,완료,,2026-08-08 02:15:04.343611+00:00
596,6,2181,,[좌장] WORLD16 창업생태계,WORLD16 창업생태계,패널토론,,,,,완료,,2026-08-08 02:15:04.343611+00:00
597,6,2182,,[좌장] GLOCAL7 경북 구미 X 스마트제조,GLOCAL7 경북 구미 X 스마트제조,패널토론,,,,,완료,,2026-08-08 02:15:04.343611+00:00
598,6,1287,,[발표] WORLD13 세포배양식품,WORLD13 세포배양식품,세션 발표,,,,,완료,,2026-08-08 02:15:04.343611+00:00
599,6,1440,,[좌장] COMMITTEE6 푸드그린바이오,COMMITTEE6 푸드그린바이오,패널토론,,,,,완료,,2026-08-08 02:15:04.343611+00:00
600,6,1814,,[좌장] WORLD15 그린바이오/애그테크,WORLD15 그린바이오/애그테크,패널토론,,,,,완료,,2026-08-08 02:15:04.343611+00:00
601,19,2183,,[패널],,패널토론,,,,,완료,,2026-08-08 02:15:05.355798+00:00
602,19,2184,,[발표],,세션 발표,,,,,완료,,2026-08-08 02:15:05.355798+00:00
603,6,2185,,[좌장] COMMITTEE7 푸드업사이클링,COMMITTEE7 푸드업사이클링,패널토론,,,,,완료,,2026-08-08 02:15:05.355798+00:00
604,6,2186,,[좌장] INSTITUTION8 해양수산부 X 블루푸드,INSTITUTION8 해양수산부 X 블루푸드,패널토론,,,,,완료,,2026-08-08 02:15:05.355798+00:00
605,6,2187,,[발표] WORLD14 수출,WORLD14 수출,세션 발표,,,,,완료,,2026-08-08 02:15:05.355798+00:00
606,6,2188,,[발표] WORLD11 대안식품,WORLD11 대안식품,세션 발표,,,,,완료,,2026-08-08 02:15:05.355798+00:00
607,6,2189,,[좌장] GLOCAL8 제주 X 글로컬 6차산업,GLOCAL8 제주 X 글로컬 6차산업,패널토론,,,,,완료,,2026-08-08 02:15:05.355798+00:00
608,6,2190,,[발표] GLOCAL8 제주 X 글로컬 6차산업,GLOCAL8 제주 X 글로컬 6차산업,세션 발표,,,,,완료,,2026-08-08 02:15:05.355798+00:00
609,6,2015,,[발표] GLOCAL7 경북 구미 X 스마트제조,GLOCAL7 경북 구미 X 스마트제조,세션 발표,,,,,완료,,2026-08-08 02:15:05.355798+00:00
610,19,2191,,[축사],,기타,,,,,완료,,2026-08-08 02:15:05.355798+00:00
611,19,2045,,[축사],,기타,,,,,완료,,2026-08-08 02:15:05.355798+00:00
612,19,1937,,[발제],,세션 발표,,,,,완료,,2026-08-08 02:15:05.355798+00:00
613,6,2192,,[발표] INSTITUTION4 한국식품연구원 X 패밀리기업,INSTITUTION4 한국식품연구원 X 패밀리기업,세션 발표,,,,,완료,,2026-08-08 02:15:05.355798+00:00
614,6,1486,,[발표] COMMITTEE3 외식서비스테크,COMMITTEE3 외식서비스테크,세션 발표,,,,,완료,,2026-08-08 02:15:05.355798+00:00
615,6,1407,,[좌장] COMMITTEE4 조리로봇테크,COMMITTEE4 조리로봇테크,패널토론,,,,,완료,,2026-08-08 02:15:05.355798+00:00
616,6,2193,,[발표] GLOCAL4 경북 X K치킨,GLOCAL4 경북 X K치킨,세션 발표,,,,,완료,,2026-08-08 02:15:05.355798+00:00
617,6,2194,,[발표] WORLD8 맞춤형 건강기능식품테크,WORLD8 맞춤형 건강기능식품테크,세션 발표,,,,,완료,,2026-08-08 02:15:05.355798+00:00
618,6,1489,,[발표] INSTITUTION5 서울시교육청 X 급식테크,INSTITUTION5 서울시교육청 X 급식테크,세션 발표,,,,,완료,,2026-08-08 02:15:05.355798+00:00
619,6,2195,,[좌장] GLOCAL3 부산 X 블루푸드테크,GLOCAL3 부산 X 블루푸드테크,패널토론,,,,,완료,,2026-08-08 02:15:05.355798+00:00
620,6,1453,,[발표] COMMITTEE4 조리로봇테크,COMMITTEE4 조리로봇테크,세션 발표,,,,,완료,,2026-08-08 02:15:05.355798+00:00
621,6,2196,,[발표] INSTITUTION5 서울시교육청 X 급식테크,INSTITUTION5 서울시교육청 X 급식테크,세션 발표,,,,,완료,,2026-08-08 02:15:05.355798+00:00
622,6,2197,,[좌장] WORLD8 맞춤형 건강기능식품테크,WORLD8 맞춤형 건강기능식품테크,패널토론,,,,,완료,,2026-08-08 02:15:05.355798+00:00
623,6,2198,,[발표] WORLD10 푸드제조테크,WORLD10 푸드제조테크,세션 발표,,,,,완료,,2026-08-08 02:15:05.355798+00:00
624,6,2199,,[발표] INSTITUTION3 경기도농수산진흥원 X 경기도 푸드테크 산업,INSTITUTION3 경기도농수산진흥원 X 경기도 푸드테크 산업,세션 발표,,,,,완료,,2026-08-08 02:15:05.355798+00:00
625,6,2200,,[발표] WORLD9 외식테크,WORLD9 외식테크,세션 발표,,,,,완료,,2026-08-08 02:15:05.355798+00:00
626,6,2201,,[발표] WORLD6 메디푸드테크,WORLD6 메디푸드테크,세션 발표,,,,,완료,,2026-08-08 02:15:05.355798+00:00
627,6,2202,,[발표] WORLD5 푸드로봇테크,WORLD5 푸드로봇테크,세션 발표,,,,,완료,,2026-08-08 02:15:05.355798+00:00
628,6,2203,,[발표] WORLD10 푸드제조테크,WORLD10 푸드제조테크,세션 발표,,,,,완료,,2026-08-08 02:15:05.355798+00:00
629,6,2204,,[발표] GLOCAL5 충북 괴산 X 식물성바이오푸드테크,GLOCAL5 충북 괴산 X 식물성바이오푸드테크,세션 발표,,,,,완료,,2026-08-08 02:15:05.355798+00:00
630,6,1466,,[발표] GLOCAL5 충북 괴산 X 식물성바이오푸드테크,GLOCAL5 충북 괴산 X 식물성바이오푸드테크,세션 발표,,,,,완료,,2026-08-08 02:15:05.355798+00:00
631,6,2137,,[발표] COMMITTEE4 조리로봇테크,COMMITTEE4 조리로봇테크,세션 발표,,,,,완료,,2026-08-08 02:15:05.355798+00:00
632,6,2205,,[좌장] WORLD6 메디푸드테크,WORLD6 메디푸드테크,패널토론,,,,,완료,,2026-08-08 02:15:05.355798+00:00
633,6,2206,,[발표] INSTITUTION3 경기도농수산진흥원 X 경기도 푸드테크 산업,INSTITUTION3 경기도농수산진흥원 X 경기도 푸드테크 산업,세션 발표,,,,,완료,,2026-08-08 02:15:05.355798+00:00
634,6,1467,,[발표] WORLD5 푸드로봇테크,WORLD5 푸드로봇테크,세션 발표,,,,,완료,,2026-08-08 02:15:05.355798+00:00
635,6,2207,,[발표] WORLD6 메디푸드테크,WORLD6 메디푸드테크,세션 발표,,,,,완료,,2026-08-08 02:15:05.355798+00:00
636,6,2208,,[좌장] WORLD7 키친테크,WORLD7 키친테크,패널토론,,,,,완료,,2026-08-08 02:15:05.355798+00:00
637,6,2209,,[좌장] GLOCAL5 충북 괴산 X 식물성바이오푸드테크,GLOCAL5 충북 괴산 X 식물성바이오푸드테크,패널토론,,,,,완료,,2026-08-08 02:15:05.355798+00:00
638,6,1350,,[발표] INSTITUTION5 서울시교육청 X 급식테크,INSTITUTION5 서울시교육청 X 급식테크,세션 발표,,,,,완료,,2026-08-08 02:15:05.355798+00:00
639,6,2210,,[발표] WORLD10 푸드제조테크,WORLD10 푸드제조테크,세션 발표,,,,,완료,,2026-08-08 02:15:05.355798+00:00
640,6,1424,,[발표] WORLD6 메디푸드테크,WORLD6 메디푸드테크,세션 발표,,,,,완료,,2026-08-08 02:15:05.355798+00:00
641,6,2211,,[좌장] WORLD5 푸드로봇테크,WORLD5 푸드로봇테크,패널토론,,,,,완료,,2026-08-08 02:15:05.355798+00:00
642,6,2212,,[좌장] GLOCAL4 경북 X K치킨,GLOCAL4 경북 X K치킨,패널토론,,,,,완료,,2026-08-08 02:15:05.355798+00:00
643,6,2213,,[발표] WORLD7 키친테크,WORLD7 키친테크,세션 발표,,,,,완료,,2026-08-08 02:15:05.355798+00:00
644,6,2214,,[발표] WORLD8 맞춤형 건강기능식품테크,WORLD8 맞춤형 건강기능식품테크,세션 발표,,,,,완료,,2026-08-08 02:15:05.355798+00:00
645,6,1392,,[발표] INSTITUTION4 한국식품연구원 X 패밀리기업,INSTITUTION4 한국식품연구원 X 패밀리기업,세션 발표,,,,,완료,,2026-08-08 02:15:05.355798+00:00
646,6,2215,,[좌장] WORLD9 외식테크,WORLD9 외식테크,패널토론,,,,,완료,,2026-08-08 02:15:05.355798+00:00
647,6,1358,,[발표] COMMITTEE5 고령친화식품테크,COMMITTEE5 고령친화식품테크,세션 발표,,,,,완료,,2026-08-08 02:15:05.355798+00:00
648,6,2216,,[발표] COMMITTEE4 조리로봇테크,COMMITTEE4 조리로봇테크,세션 발표,,,,,완료,,2026-08-08 02:15:05.355798+00:00
649,6,1939,,[발표] GLOCAL3 부산 X 블루푸드테크,GLOCAL3 부산 X 블루푸드테크,세션 발표,,,,,완료,,2026-08-08 02:15:05.355798+00:00
650,6,1430,,[좌장] COMMITTEE3 외식서비스테크,COMMITTEE3 외식서비스테크,패널토론,,,,,완료,,2026-08-08 02:15:05.355798+00:00
651,6,2217,,[발표] GLOCAL3 부산 X 블루푸드테크,GLOCAL3 부산 X 블루푸드테크,세션 발표,,,,,완료,,2026-08-08 02:15:05.355798+00:00
652,6,1394,,[발표] INSTITUTION4 한국식품연구원 X 패밀리기업,INSTITUTION4 한국식품연구원 X 패밀리기업,세션 발표,,,,,완료,,2026-08-08 02:15:05.355798+00:00
653,6,2218,,[발표] INSTITUTION3 경기도농수산진흥원 X 경기도 푸드테크 산업,INSTITUTION3 경기도농수산진흥원 X 경기도 푸드테크 산업,세션 발표,,,,,완료,,2026-08-08 02:15:05.355798+00:00
654,6,2219,,[발표] GLOCAL4 경북 X K치킨,GLOCAL4 경북 X K치킨,세션 발표,,,,,완료,,2026-08-08 02:15:05.355798+00:00
655,6,2220,,[발표] GLOCAL5 충북 괴산 X 식물성바이오푸드테크,GLOCAL5 충북 괴산 X 식물성바이오푸드테크,세션 발표,,,,,완료,,2026-08-08 02:15:05.355798+00:00
656,6,2221,,[발표] GLOCAL4 경북 X K치킨,GLOCAL4 경북 X K치킨,세션 발표,,,,,완료,,2026-08-08 02:15:05.355798+00:00
657,6,2118,,[발표] WORLD9 외식테크,WORLD9 외식테크,세션 발표,,,,,완료,,2026-08-08 02:15:05.355798+00:00
658,6,2222,,[발표] COMMITTEE5 고령친화식품테크,COMMITTEE5 고령친화식품테크,세션 발표,,,,,완료,,2026-08-08 02:15:05.355798+00:00
659,6,1370,,[발표] COMMITTEE3 외식서비스테크,COMMITTEE3 외식서비스테크,세션 발표,,,,,완료,,2026-08-08 02:15:05.355798+00:00
660,6,1285,,[발표] WORLD9 외식테크,WORLD9 외식테크,세션 발표,,,,,완료,,2026-08-08 02:15:05.355798+00:00
661,6,2223,,[발표] GLOCAL3 부산 X 블루푸드테크,GLOCAL3 부산 X 블루푸드테크,세션 발표,,,,,완료,,2026-08-08 02:15:05.355798+00:00
662,6,2224,,[좌장] WORLD10 푸드제조테크,WORLD10 푸드제조테크,패널토론,,,,,완료,,2026-08-08 02:15:05.355798+00:00
663,6,1397,,[좌장] COMMITTEE5 고령친화식품테크,COMMITTEE5 고령친화식품테크,패널토론,,,,,완료,,2026-08-08 02:15:05.355798+00:00
664,6,2225,,[발표] WORLD7 키친테크,WORLD7 키친테크,세션 발표,,,,,완료,,2026-08-08 02:15:05.355798+00:00
665,6,1328,,[발표] INSTITUTION3 경기도농수산진흥원 X 경기도 푸드테크 산업,INSTITUTION3 경기도농수산진흥원 X 경기도 푸드테크 산업,세션 발표,,,,,완료,,2026-08-08 02:15:05.355798+00:00
666,6,2226,,[좌장] INSTITUTION4 한국식품연구원 X 패밀리기업,INSTITUTION4 한국식품연구원 X 패밀리기업,패널토론,,,,,완료,,2026-08-08 02:15:05.355798+00:00
667,6,2012,,[좌장] INSTITUTION3 경기도농수산진흥원 X 경기도 푸드테크 산업,INSTITUTION3 경기도농수산진흥원 X 경기도 푸드테크 산업,패널토론,,,,,완료,,2026-08-08 02:15:05.355798+00:00
668,6,1448,,[발표] COMMITTEE3 외식서비스테크,COMMITTEE3 외식서비스테크,세션 발표,,,,,완료,,2026-08-08 02:15:05.355798+00:00
669,6,2142,,[좌장] INSTITUTION5 서울시교육청 X 급식테크,INSTITUTION5 서울시교육청 X 급식테크,패널토론,,,,,완료,,2026-08-08 02:15:05.355798+00:00
670,6,2024,,[발표] WORLD7 키친테크,WORLD7 키친테크,세션 발표,,,,,완료,,2026-08-08 02:15:05.355798+00:00
671,6,2227,,[발표] WORLD5 푸드로봇테크,WORLD5 푸드로봇테크,세션 발표,,,,,완료,,2026-08-08 02:15:05.355798+00:00
672,6,2228,,[발표] COMMITTEE5 고령친화식품테크,COMMITTEE5 고령친화식품테크,세션 발표,,,,,완료,,2026-08-08 02:15:05.355798+00:00
673,6,2229,,[발표] WORLD8 맞춤형 건강기능식품테크,WORLD8 맞춤형 건강기능식품테크,세션 발표,,,,,완료,,2026-08-08 02:15:05.355798+00:00
674,6,2230,,[발표] WORLD4 지속가능성,WORLD4 지속가능성,세션 발표,,,,,완료,,2026-08-08 02:15:05.355798+00:00
675,6,2231,,[발표] WORLD3 창발가,WORLD3 창발가,세션 발표,,,,,완료,,2026-08-08 02:15:05.355798+00:00
676,6,2096,,[좌장] WORLD3 창발가,WORLD3 창발가,패널토론,,,,,완료,,2026-08-08 02:15:05.355798+00:00
677,6,2232,,[발표] WORLD4 지속가능성,WORLD4 지속가능성,세션 발표,,,,,완료,,2026-08-08 02:15:05.355798+00:00
678,6,2233,,[좌장] WORLD1 창발생태계,WORLD1 창발생태계,패널토론,,,,,완료,,2026-08-08 02:15:05.355798+00:00
679,6,2234,,[발표] INSTITUTION1 농림축산식품부 X 푸드테크 인력양성,INSTITUTION1 농림축산식품부 X 푸드테크 인력양성,세션 발표,,,,,완료,,2026-08-08 02:15:05.355798+00:00
680,6,2235,,[발표] WORLD2 디지털 전환,WORLD2 디지털 전환,세션 발표,,,,,완료,,2026-08-08 02:15:05.355798+00:00
681,6,2236,,[발표] INSTITUTION1 농림축산식품부 X 푸드테크 인력양성,INSTITUTION1 농림축산식품부 X 푸드테크 인력양성,세션 발표,,,,,완료,,2026-08-08 02:15:05.355798+00:00
682,6,2237,,[발표] GLOCAL2 과천 X 월드푸드테크밸리,GLOCAL2 과천 X 월드푸드테크밸리,세션 발표,,,,,완료,,2026-08-08 02:15:05.355798+00:00
683,6,2197,,[발표] INSTITUTION1 농림축산식품부 X 푸드테크 인력양성,INSTITUTION1 농림축산식품부 X 푸드테크 인력양성,세션 발표,,,,,완료,,2026-08-08 02:15:05.355798+00:00
684,6,1461,,[발표] GLOCAL1 서울 X 푸드컬처테크,GLOCAL1 서울 X 푸드컬처테크,세션 발표,,,,,완료,,2026-08-08 02:15:05.355798+00:00
685,6,2238,,[발표] COMMITTEE1 푸드유통테크,COMMITTEE1 푸드유통테크,세션 발표,,,,,완료,,2026-08-08 02:15:05.355798+00:00
686,6,2208,,[발표] INSTITUTION1 농림축산식품부 X 푸드테크 인력양성,INSTITUTION1 농림축산식품부 X 푸드테크 인력양성,세션 발표,,,,,완료,,2026-08-08 02:15:05.355798+00:00
687,6,2239,,[발표] COMMITTEE1 푸드유통테크,COMMITTEE1 푸드유통테크,세션 발표,,,,,완료,,2026-08-08 02:15:05.355798+00:00
688,6,2240,,[발표] WORLD3 창발가,WORLD3 창발가,세션 발표,,,,,완료,,2026-08-08 02:15:05.355798+00:00
689,6,2241,,[발표] INSTITUTION2 식품의약품안전처 X 푸드테크 규제혁신,INSTITUTION2 식품의약품안전처 X 푸드테크 규제혁신,세션 발표,,,,,완료,,2026-08-08 02:15:05.355798+00:00
690,6,2242,,[발표] GLOCAL2 과천 X 월드푸드테크밸리,GLOCAL2 과천 X 월드푸드테크밸리,세션 발표,,,,,완료,,2026-08-08 02:15:05.355798+00:00
691,6,2243,,[발표] COMMITTEE1 푸드유통테크,COMMITTEE1 푸드유통테크,세션 발표,,,,,완료,,2026-08-08 02:15:05.355798+00:00
692,6,2244,,[발표] INSTITUTION1 농림축산식품부 X 푸드테크 인력양성,INSTITUTION1 농림축산식품부 X 푸드테크 인력양성,세션 발표,,,,,완료,,2026-08-08 02:15:05.355798+00:00
693,6,2245,,[발표] GLOCAL1 서울 X 푸드컬처테크,GLOCAL1 서울 X 푸드컬처테크,세션 발표,,,,,완료,,2026-08-08 02:15:05.355798+00:00
694,6,1507,,[좌장] COMMITTEE1 푸드유통테크,COMMITTEE1 푸드유통테크,패널토론,,,,,완료,,2026-08-08 02:15:05.355798+00:00
695,6,2132,,[발표] INSTITUTION1 농림축산식품부 X 푸드테크 인력양성,INSTITUTION1 농림축산식품부 X 푸드테크 인력양성,세션 발표,,,,,완료,,2026-08-08 02:15:05.355798+00:00
696,6,2132,,[발표] GLOCAL2 과천 X 월드푸드테크밸리,GLOCAL2 과천 X 월드푸드테크밸리,세션 발표,,,,,완료,,2026-08-08 02:15:05.355798+00:00
697,6,2246,,[발표] COMMITTEE2 커스터마이징,COMMITTEE2 커스터마이징,세션 발표,,,,,완료,,2026-08-08 02:15:05.355798+00:00
698,6,2247,,[좌장] INSTITUTION2 식품의약품안전처 X 푸드테크 규제혁신,INSTITUTION2 식품의약품안전처 X 푸드테크 규제혁신,패널토론,,,,,완료,,2026-08-08 02:15:05.355798+00:00
699,6,1956,,[좌장] GLOCAL1 서울 X 푸드컬처테크,GLOCAL1 서울 X 푸드컬처테크,패널토론,,,,,완료,,2026-08-08 02:15:05.355798+00:00
700,6,1956,,[좌장] GLOCAL2 과천 X 월드푸드테크밸리,GLOCAL2 과천 X 월드푸드테크밸리,패널토론,,,,,완료,,2026-08-08 02:15:05.355798+00:00
701,6,2248,,[좌장] COMMITTEE2 커스터마이징,COMMITTEE2 커스터마이징,패널토론,,,,,완료,,2026-08-08 02:15:05.355798+00:00
702,6,2249,,[좌장] WORLD2 디지털 전환,WORLD2 디지털 전환,패널토론,,,,,완료,,2026-08-08 02:15:05.355798+00:00
703,6,2250,,[발표] WORLD1 창발생태계,WORLD1 창발생태계,세션 발표,,,,,완료,,2026-08-08 02:15:05.355798+00:00
704,6,2251,,[발표] INSTITUTION1 농림축산식품부 X 푸드테크 인력양성,INSTITUTION1 농림축산식품부 X 푸드테크 인력양성,세션 발표,,,,,완료,,2026-08-08 02:15:05.355798+00:00
705,6,1151,,[발표] COMMITTEE2 커스터마이징,COMMITTEE2 커스터마이징,세션 발표,,,,,완료,,2026-08-08 02:15:05.355798+00:00
706,6,1798,,[발표] WORLD2 디지털 전환,WORLD2 디지털 전환,세션 발표,,,,,완료,,2026-08-08 02:15:05.355798+00:00
707,6,2252,,[발표] INSTITUTION2 식품의약품안전처 X 푸드테크 규제혁신,INSTITUTION2 식품의약품안전처 X 푸드테크 규제혁신,세션 발표,,,,,완료,,2026-08-08 02:15:05.355798+00:00
708,6,2253,,[발표] INSTITUTION1 농림축산식품부 X 푸드테크 인력양성,INSTITUTION1 농림축산식품부 X 푸드테크 인력양성,세션 발표,,,,,완료,,2026-08-08 02:15:05.355798+00:00
709,6,2254,,[발표] WORLD4 지속가능성,WORLD4 지속가능성,세션 발표,,,,,완료,,2026-08-08 02:15:05.355798+00:00
710,6,2255,,[좌장] WORLD4 지속가능성,WORLD4 지속가능성,패널토론,,,,,완료,,2026-08-08 02:15:05.355798+00:00
711,6,2256,,[발표] INSTITUTION2 식품의약품안전처 X 푸드테크 규제혁신,INSTITUTION2 식품의약품안전처 X 푸드테크 규제혁신,세션 발표,,,,,완료,,2026-08-08 02:15:05.355798+00:00
712,6,1522,,[발표] COMMITTEE2 커스터마이징,COMMITTEE2 커스터마이징,세션 발표,,,,,완료,,2026-08-08 02:15:05.355798+00:00
713,6,2257,,[발표] GLOCAL1 서울 X 푸드컬처테크,GLOCAL1 서울 X 푸드컬처테크,세션 발표,,,,,완료,,2026-08-08 02:15:05.355798+00:00
714,6,1619,,[발표] WORLD2 디지털 전환,WORLD2 디지털 전환,세션 발표,,,,,완료,,2026-08-08 02:15:05.355798+00:00
715,6,2258,,[발표] WORLD1 창발생태계,WORLD1 창발생태계,세션 발표,,,,,완료,,2026-08-08 02:15:05.355798+00:00
716,6,2259,,[발표] WORLD3 창발가,WORLD3 창발가,세션 발표,,,,,완료,,2026-08-08 02:15:05.355798+00:00
717,6,2260,,[발표] WORLD1 창발생태계,WORLD1 창발생태계,세션 발표,,,,,완료,,2026-08-08 02:15:05.355798+00:00
718,20,1487,,[발표] 세션 6 : 창발 농·수산,세션 6 : 창발 농·수산,세션 발표,,,,,완료,,2026-08-08 02:15:05.355798+00:00
719,20,2261,,[발표] 세션 4 : 키친 로보틱스,세션 4 : 키친 로보틱스,세션 발표,,,,,완료,,2026-08-08 02:15:05.355798+00:00
720,20,1409,,[발표] 세션 5 : 제조 혁명,세션 5 : 제조 혁명,세션 발표,,,,,완료,,2026-08-08 02:15:05.355798+00:00
721,20,2262,,[발표] 세션 4 : 키친 로보틱스,세션 4 : 키친 로보틱스,세션 발표,,,,,완료,,2026-08-08 02:15:05.355798+00:00
722,20,1491,,[발표] 세션 5 : 제조 혁명,세션 5 : 제조 혁명,세션 발표,,,,,완료,,2026-08-08 02:15:05.355798+00:00
723,20,2263,,[패널] 세션 6 : 창발 농·수산,세션 6 : 창발 농·수산,패널토론,,,,,완료,,2026-08-08 02:15:05.355798+00:00
724,20,1889,,[패널] 세션 6 : 창발 농·수산,세션 6 : 창발 농·수산,패널토론,,,,,완료,,2026-08-08 02:15:05.355798+00:00
725,20,2264,,[발표] 세션 6 : 창발 농·수산,세션 6 : 창발 농·수산,세션 발표,,,,,완료,,2026-08-08 02:15:05.355798+00:00
726,20,2265,,[패널] 세션 5 : 제조 혁명,세션 5 : 제조 혁명,패널토론,,,,,완료,,2026-08-08 02:15:05.355798+00:00
727,20,2109,,[발표] 세션 5 : 제조 혁명,세션 5 : 제조 혁명,세션 발표,,,,,완료,,2026-08-08 02:15:05.355798+00:00
728,20,2266,,[패널] 세션 4 : 키친 로보틱스,세션 4 : 키친 로보틱스,패널토론,,,,,완료,,2026-08-08 02:15:05.355798+00:00
729,20,2267,,[발표] 세션 4 : 키친 로보틱스,세션 4 : 키친 로보틱스,세션 발표,,,,,완료,,2026-08-08 02:15:05.355798+00:00
730,20,2249,,[좌장] 세션 4 : 키친 로보틱스,세션 4 : 키친 로보틱스,패널토론,,,,,완료,,2026-08-08 02:15:05.355798+00:00
731,20,2268,,[패널] 세션 5 : 제조 혁명,세션 5 : 제조 혁명,패널토론,,,,,완료,,2026-08-08 02:15:05.355798+00:00
732,20,1440,,[좌장] 세션 5 : 제조 혁명,세션 5 : 제조 혁명,패널토론,,,,,완료,,2026-08-08 02:15:05.355798+00:00
733,20,1814,,[좌장] 세션 6 : 창발 농·수산,세션 6 : 창발 농·수산,패널토론,,,,,완료,,2026-08-08 02:15:05.355798+00:00
734,20,2269,,[패널] 세션 4 : 키친 로보틱스,세션 4 : 키친 로보틱스,패널토론,,,,,완료,,2026-08-08 02:15:05.355798+00:00
735,20,2270,,[발표] 세션 6 : 창발 농·수산,세션 6 : 창발 농·수산,세션 발표,,,,,완료,,2026-08-08 02:15:05.355798+00:00
736,20,2096,,[좌장] 세션 1 : 월드 푸드테크 플랫폼,세션 1 : 월드 푸드테크 플랫폼,패널토론,,,,,완료,,2026-08-08 02:15:05.355798+00:00
737,20,1807,,[좌장] 세션 2 : 개인맞춤,세션 2 : 개인맞춤,패널토론,,,,,완료,,2026-08-08 02:15:05.355798+00:00
738,20,2271,,[발표] 세션 2 : 개인맞춤,세션 2 : 개인맞춤,세션 발표,,,,,완료,,2026-08-08 02:15:05.355798+00:00
739,20,2272,,[패널] 세션 1 : 월드 푸드테크 플랫폼,세션 1 : 월드 푸드테크 플랫폼,패널토론,,,,,완료,,2026-08-08 02:15:05.355798+00:00
740,20,2273,,[발표] 세션 3 : 데이터 유통 솔루션,세션 3 : 데이터 유통 솔루션,세션 발표,,,,,완료,,2026-08-08 02:15:05.355798+00:00
741,20,2274,,[패널] 세션 1 : 월드 푸드테크 플랫폼,세션 1 : 월드 푸드테크 플랫폼,패널토론,,,,,완료,,2026-08-08 02:15:05.355798+00:00
742,20,1424,,[발표] 세션 2 : 개인맞춤,세션 2 : 개인맞춤,세션 발표,,,,,완료,,2026-08-08 02:15:05.355798+00:00
743,20,2275,,[발표] 세션 1 : 월드 푸드테크 플랫폼,세션 1 : 월드 푸드테크 플랫폼,세션 발표,,,,,완료,,2026-08-08 02:15:05.355798+00:00
744,20,2276,,[패널] 세션 3 : 데이터 유통 솔루션,세션 3 : 데이터 유통 솔루션,패널토론,,,,,완료,,2026-08-08 02:15:05.355798+00:00
745,20,1507,,[좌장] 세션 3 : 데이터 유통 솔루션,세션 3 : 데이터 유통 솔루션,패널토론,,,,,완료,,2026-08-08 02:15:05.355798+00:00
746,20,2277,,[패널] 세션 3 : 데이터 유통 솔루션,세션 3 : 데이터 유통 솔루션,패널토론,,,,,완료,,2026-08-08 02:15:05.355798+00:00
747,20,2278,,[패널] 세션 2 : 개인맞춤,세션 2 : 개인맞춤,패널토론,,,,,완료,,2026-08-08 02:15:05.355798+00:00
748,20,2279,,[발표] 세션 3 : 데이터 유통 솔루션,세션 3 : 데이터 유통 솔루션,세션 발표,,,,,완료,,2026-08-08 02:15:05.355798+00:00
749,20,2280,,[발표] 세션 2 : 개인맞춤,세션 2 : 개인맞춤,세션 발표,,,,,완료,,2026-08-08 02:15:05.355798+00:00
750,20,2281,,[발표] 세션 1 : 월드 푸드테크 플랫폼,세션 1 : 월드 푸드테크 플랫폼,세션 발표,,,,,완료,,2026-08-08 02:15:05.355798+00:00
751,20,1997,,[발표] 세션 1 : 월드 푸드테크 플랫폼,세션 1 : 월드 푸드테크 플랫폼,세션 발표,,,,,완료,,2026-08-08 02:15:05.355798+00:00
752,20,2282,,[패널] 세션 2 : 개인맞춤,세션 2 : 개인맞춤,패널토론,,,,,완료,,2026-08-08 02:15:05.355798+00:00
753,20,1526,,[발표] 세션 3 : 데이터 유통 솔루션,세션 3 : 데이터 유통 솔루션,세션 발표,,,,,완료,,2026-08-08 02:15:05.355798+00:00
754,20,1136,,[좌장] 기조포럼 I : 디지털전환,기조포럼 I : 디지털전환,패널토론,,,,,완료,,2026-08-08 02:15:05.355798+00:00
755,20,2283,,[발표] 기조포럼 II : 창발 생태계,기조포럼 II : 창발 생태계,세션 발표,,,,,완료,,2026-08-08 02:15:05.355798+00:00
756,20,2284,,[패널] 기조포럼 I : 디지털전환,기조포럼 I : 디지털전환,패널토론,,,,,완료,,2026-08-08 02:15:05.355798+00:00
757,20,2285,,[발표] 기조포럼 II : 창발 생태계,기조포럼 II : 창발 생태계,세션 발표,,,,,완료,,2026-08-08 02:15:05.355798+00:00
758,20,2286,,[패널] 기조강연,기조강연,패널토론,,,,,완료,,2026-08-08 02:15:05.355798+00:00
759,20,1890,,[패널] 기조포럼 II : 창발 생태계,기조포럼 II : 창발 생태계,패널토론,,,,,완료,,2026-08-08 02:15:05.355798+00:00
760,20,2287,,[좌장] 기조포럼 II : 창발 생태계,기조포럼 II : 창발 생태계,패널토론,,,,,완료,,2026-08-08 02:15:05.355798+00:00
761,20,2288,,[패널] 기조포럼 I : 디지털전환,기조포럼 I : 디지털전환,패널토론,,,,,완료,,2026-08-08 02:15:05.355798+00:00
762,20,2111,,[발표] 기조포럼 II : 창발 생태계,기조포럼 II : 창발 생태계,세션 발표,,,,,완료,,2026-08-08 02:15:05.355798+00:00
763,20,2289,,[패널] 기조포럼 II : 창발 생태계,기조포럼 II : 창발 생태계,패널토론,,,,,완료,,2026-08-08 02:15:05.355798+00:00
764,20,2290,,[좌장] 기조강연,기조강연,패널토론,,,,,완료,,2026-08-08 02:15:05.355798+00:00
765,20,2291,,[패널] 기조강연,기조강연,패널토론,,,,,완료,,2026-08-08 02:15:05.355798+00:00
766,20,1798,,[발표] 기조강연,기조강연,세션 발표,,,,,완료,,2026-08-08 02:15:05.355798+00:00
767,20,2281,,[패널] 기조강연,기조강연,패널토론,,,,,완료,,2026-08-08 02:15:05.355798+00:00
768,20,2292,,[발표] 기조포럼 I : 디지털전환,기조포럼 I : 디지털전환,세션 발표,,,,,완료,,2026-08-08 02:15:05.355798+00:00
769,20,2293,,[발표] 기조포럼 I : 디지털전환,기조포럼 I : 디지털전환,세션 발표,,,,,완료,,2026-08-08 02:15:05.355798+00:00
770,20,2294,,[패널] 기조강연,기조강연,패널토론,,,,,완료,,2026-08-08 02:15:05.355798+00:00
771,20,1619,,[발표] 기조포럼 I : 디지털전환,기조포럼 I : 디지털전환,세션 발표,,,,,완료,,2026-08-08 02:15:05.355798+00:00
772,20,1937,,[발제] 기조강연,기조강연,세션 발표,,,,,완료,,2026-08-08 02:15:05.355798+00:00
773,21,1493,,[발표],,세션 발표,,,,,완료,,2026-08-08 02:15:05.355798+00:00
774,21,2295,,[발표],,세션 발표,,,,,완료,,2026-08-08 02:15:05.355798+00:00
775,21,2296,,[발표],,세션 발표,,,,,완료,,2026-08-08 02:15:05.355798+00:00
776,21,2297,,[환영사],,기타,,,,,완료,,2026-08-08 02:15:05.355798+00:00
777,21,1814,,[패널],,패널토론,,,,,완료,,2026-08-08 02:15:05.355798+00:00
778,21,1448,,[발표],,세션 발표,,,,,완료,,2026-08-08 02:15:05.355798+00:00
779,21,2298,,[축사 및 환영사],,기타,,,,,완료,,2026-08-08 02:15:05.355798+00:00
780,21,2290,,[축사 및 환영사],,기타,,,,,완료,,2026-08-08 02:15:05.355798+00:00
781,22,1407,,[패널],,패널토론,,,,,완료,,2026-08-08 02:15:05.355798+00:00
782,22,2299,,[발표],,세션 발표,,,,,완료,,2026-08-08 02:15:05.355798+00:00
783,22,2297,,[환영사],,기타,,,,,완료,,2026-08-08 02:15:05.355798+00:00
784,22,1467,,[발표],,세션 발표,,,,,완료,,2026-08-08 02:15:05.355798+00:00
785,22,1367,,[발표],,세션 발표,,,,,완료,,2026-08-08 02:15:05.355798+00:00
786,22,2024,,[발표],,세션 발표,,,,,완료,,2026-08-08 02:15:05.355798+00:00
787,22,2300,,[축사],,기타,,,,,완료,,2026-08-08 02:15:05.355798+00:00
788,22,2290,,[축사],,기타,,,,,완료,,2026-08-08 02:15:05.355798+00:00
789,23,2096,,[좌장] 창발 농업,창발 농업,패널토론,,,,,완료,,2026-08-08 02:15:05.355798+00:00
790,23,1807,,[좌장] 창발 외식,창발 외식,패널토론,,,,,완료,,2026-08-08 02:15:05.355798+00:00
791,23,2301,,[패널] 창발 제조,창발 제조,패널토론,,,,,완료,,2026-08-08 02:15:05.355798+00:00
792,23,2302,,[발표] 창발 농업,창발 농업,세션 발표,,,,,완료,,2026-08-08 02:15:05.355798+00:00
793,23,2144,,[발표] 창발 외식,창발 외식,세션 발표,,,,,완료,,2026-08-08 02:15:05.355798+00:00
794,23,2303,,[패널] 창발 외식,창발 외식,패널토론,,,,,완료,,2026-08-08 02:15:05.355798+00:00
795,23,2304,,[발표] 창발 제조,창발 제조,세션 발표,,,,,완료,,2026-08-08 02:15:05.355798+00:00
796,23,2273,,[패널] 창발 외식,창발 외식,패널토론,,,,,완료,,2026-08-08 02:15:05.355798+00:00
797,23,2305,,[패널] 창발 농업,창발 농업,패널토론,,,,,완료,,2026-08-08 02:15:05.355798+00:00
798,23,1467,,[발표] 창발 외식,창발 외식,세션 발표,,,,,완료,,2026-08-08 02:15:05.355798+00:00
799,23,2306,,[패널] 창발 농업,창발 농업,패널토론,,,,,완료,,2026-08-08 02:15:05.355798+00:00
800,23,2307,,[발표] 창발 농업,창발 농업,세션 발표,,,,,완료,,2026-08-08 02:15:05.355798+00:00
801,23,2308,,[발표] 창발 제조,창발 제조,세션 발표,,,,,완료,,2026-08-08 02:15:06.381129+00:00
802,23,2309,,[발표] 창발 외식,창발 외식,세션 발표,,,,,완료,,2026-08-08 02:15:06.381129+00:00
803,23,1392,,[발표] 창발 제조,창발 제조,세션 발표,,,,,완료,,2026-08-08 02:15:06.381129+00:00
804,23,1323,,[발표] 창발 제조,창발 제조,세션 발표,,,,,완료,,2026-08-08 02:15:06.381129+00:00
805,23,1285,,[발표] 창발 외식,창발 외식,세션 발표,,,,,완료,,2026-08-08 02:15:06.381129+00:00
806,23,1973,,[패널] 창발 제조,창발 제조,패널토론,,,,,완료,,2026-08-08 02:15:06.381129+00:00
807,23,1977,,[발표] 창발 농업,창발 농업,세션 발표,,,,,완료,,2026-08-08 02:15:06.381129+00:00
808,23,1440,,[좌장] 창발 제조,창발 제조,패널토론,,,,,완료,,2026-08-08 02:15:06.381129+00:00
809,23,2310,,[발표] 창발 농업,창발 농업,세션 발표,,,,,완료,,2026-08-08 02:15:06.381129+00:00
810,23,1379,,[발표] ESG,ESG,세션 발표,,,,,완료,,2026-08-08 02:15:06.381129+00:00
811,23,1491,,[패널] ESG,ESG,패널토론,,,,,완료,,2026-08-08 02:15:06.381129+00:00
812,23,2311,,[발표] ESG,ESG,세션 발표,,,,,완료,,2026-08-08 02:15:06.381129+00:00
813,23,2312,,[발표] 창발 유통,창발 유통,세션 발표,,,,,완료,,2026-08-08 02:15:06.381129+00:00
814,23,1465,,[발표] ESG,ESG,세션 발표,,,,,완료,,2026-08-08 02:15:06.381129+00:00
815,23,2313,,[패널] ESG,ESG,패널토론,,,,,완료,,2026-08-08 02:15:06.381129+00:00
816,23,1418,,[발표] 개인맞춤,개인맞춤,세션 발표,,,,,완료,,2026-08-08 02:15:06.381129+00:00
817,23,1905,,[발표] 창발 유통,창발 유통,세션 발표,,,,,완료,,2026-08-08 02:15:06.381129+00:00
818,23,1424,,[패널] 개인맞춤,개인맞춤,패널토론,,,,,완료,,2026-08-08 02:15:06.381129+00:00
819,23,1507,,[좌장] 창발 유통,창발 유통,패널토론,,,,,완료,,2026-08-08 02:15:06.381129+00:00
820,23,1938,,[발표] 개인맞춤,개인맞춤,세션 발표,,,,,완료,,2026-08-08 02:15:06.381129+00:00
821,23,2314,,[패널] 개인맞춤,개인맞춤,패널토론,,,,,완료,,2026-08-08 02:15:06.381129+00:00
822,23,2116,,[좌장] 개인맞춤,개인맞춤,패널토론,,,,,완료,,2026-08-08 02:15:06.381129+00:00
823,23,1151,,[발표] 개인맞춤,개인맞춤,세션 발표,,,,,완료,,2026-08-08 02:15:06.381129+00:00
824,23,2315,,[발표] 창발 유통,창발 유통,세션 발표,,,,,완료,,2026-08-08 02:15:06.381129+00:00
825,23,2316,,[발표] 창발 유통,창발 유통,세션 발표,,,,,완료,,2026-08-08 02:15:06.381129+00:00
826,23,2317,,[발표] 개인맞춤,개인맞춤,세션 발표,,,,,완료,,2026-08-08 02:15:06.381129+00:00
827,23,1156,,[패널] 창발 유통,창발 유통,패널토론,,,,,완료,,2026-08-08 02:15:06.381129+00:00
828,23,1814,,[좌장] ESG,ESG,패널토론,,,,,완료,,2026-08-08 02:15:06.381129+00:00
829,23,2318,,[발표] ESG,ESG,세션 발표,,,,,완료,,2026-08-08 02:15:06.381129+00:00
830,23,2319,,[패널] 창발 유통,창발 유통,패널토론,,,,,완료,,2026-08-08 02:15:06.381129+00:00
831,23,2103,,[패널] 기조포럼,기조포럼,패널토론,,,,,완료,,2026-08-08 02:15:06.381129+00:00
832,23,1794,,[좌장] 기조포럼,기조포럼,패널토론,,,,,완료,,2026-08-08 02:15:06.381129+00:00
833,23,2320,,[환영사] 개막행사,개막행사,기타,,,,,완료,,2026-08-08 02:15:06.381129+00:00
834,23,2321,,[패널] 기조포럼,기조포럼,패널토론,,,,,완료,,2026-08-08 02:15:06.381129+00:00
835,23,2290,,[개회사] 개막행사,개막행사,기타,,,,,완료,,2026-08-08 02:15:06.381129+00:00
836,23,2322,,[기조강연] 기조포럼,기조포럼,기조연설,,,,,완료,,2026-08-08 02:15:06.381129+00:00
837,23,2111,,[기조강연] 기조포럼,기조포럼,기조연설,,,,,완료,,2026-08-08 02:15:06.381129+00:00
838,23,2290,,[기조강연] 기조포럼,기조포럼,기조연설,,,,,완료,,2026-08-08 02:15:06.381129+00:00
839,23,2323,,[기조강연] 기조포럼,기조포럼,기조연설,,,,,완료,,2026-08-08 02:15:06.381129+00:00
840,23,2274,,[축사] 개막행사,개막행사,기타,,,,,완료,,2026-08-08 02:15:06.381129+00:00
841,23,2324,,[축사] 개막행사,개막행사,기타,,,,,완료,,2026-08-08 02:15:06.381129+00:00
842,24,1137,,[발표],,세션 발표,,,,,완료,,2026-08-08 02:15:06.381129+00:00
843,24,1461,,[발표],,세션 발표,,,,,완료,,2026-08-08 02:15:06.381129+00:00
844,24,2296,,[발표],,세션 발표,,,,,완료,,2026-08-08 02:15:06.381129+00:00
845,24,2297,,[환영사],,기타,,,,,완료,,2026-08-08 02:15:06.381129+00:00
846,24,1814,,[패널],,패널토론,,,,,완료,,2026-08-08 02:15:06.381129+00:00
847,24,2325,,[발표],,세션 발표,,,,,완료,,2026-08-08 02:15:06.381129+00:00
848,24,2290,,[축사],,기타,,,,,완료,,2026-08-08 02:15:06.381129+00:00
849,24,2326,,[축사],,기타,,,,,완료,,2026-08-08 02:15:06.381129+00:00
850,25,1874,,[발표],,세션 발표,,,,,완료,,2026-08-08 02:15:06.381129+00:00
851,25,2296,,[발표],,세션 발표,,,,,완료,,2026-08-08 02:15:06.381129+00:00
852,25,2327,,[발표],,세션 발표,,,,,완료,,2026-08-08 02:15:06.381129+00:00
853,25,2328,,[발표],,세션 발표,,,,,완료,,2026-08-08 02:15:06.381129+00:00
854,25,1814,,[패널],,패널토론,,,,,완료,,2026-08-08 02:15:06.381129+00:00
855,25,2062,,[축사],,기타,,,,,완료,,2026-08-08 02:15:06.381129+00:00
856,25,2329,,[축사 및 환영사],,기타,,,,,완료,,2026-08-08 02:15:06.381129+00:00
857,26,1406,,[좌장] 세션 5: ESG,세션 5: ESG,패널토론,,,,,완료,,2026-08-08 02:15:06.381129+00:00
858,26,1486,,[발표] 세션 2: 로보틱스,세션 2: 로보틱스,세션 발표,,,,,완료,,2026-08-08 02:15:06.381129+00:00
859,26,1571,,[발표] 세션 4: 개인맞춤,세션 4: 개인맞춤,세션 발표,,,,,완료,,2026-08-08 02:15:06.381129+00:00
860,26,2330,,[발표] 세션 5: ESG,세션 5: ESG,세션 발표,,,,,완료,,2026-08-08 02:15:06.381129+00:00
861,26,1489,,"[발표] 세션 6: 조리, 외식(소비)","세션 6: 조리, 외식(소비)",세션 발표,,,,,완료,,2026-08-08 02:15:06.381129+00:00
862,26,2331,,[발표] 세션 3: K-푸드테크 플랫폼,세션 3: K-푸드테크 플랫폼,세션 발표,,,,,완료,,2026-08-08 02:15:06.381129+00:00
863,26,1137,,"[발표] 세션 7: 주문, 배송, 물류 (공급)","세션 7: 주문, 배송, 물류 (공급)",세션 발표,,,,,완료,,2026-08-08 02:15:06.381129+00:00
864,26,2332,,"[발표] 세션 7: 주문, 배송, 물류 (공급)","세션 7: 주문, 배송, 물류 (공급)",세션 발표,,,,,완료,,2026-08-08 02:15:06.381129+00:00
865,26,2333,,[발표] 세션 4: 개인맞춤,세션 4: 개인맞춤,세션 발표,,,,,완료,,2026-08-08 02:15:06.381129+00:00
866,26,1494,,"[좌장] 세션 8: 제조, 소재, 원료 (생산)","세션 8: 제조, 소재, 원료 (생산)",패널토론,,,,,완료,,2026-08-08 02:15:06.381129+00:00
867,26,2334,,"[발표] 세션 8: 제조, 소재, 원료 (생산)","세션 8: 제조, 소재, 원료 (생산)",세션 발표,,,,,완료,,2026-08-08 02:15:06.381129+00:00
868,26,2104,,"[발표] 세션 6: 조리, 외식(소비)","세션 6: 조리, 외식(소비)",세션 발표,,,,,완료,,2026-08-08 02:15:06.381129+00:00
869,26,2335,,[발표] 세션 2: 로보틱스,세션 2: 로보틱스,세션 발표,,,,,완료,,2026-08-08 02:15:06.381129+00:00
870,26,2336,,"[좌장] 세션 1: AI, 메타버스","세션 1: AI, 메타버스",패널토론,,,,,완료,,2026-08-08 02:15:06.381129+00:00
871,26,2337,,[발표] 세션 4: 개인맞춤,세션 4: 개인맞춤,세션 발표,,,,,완료,,2026-08-08 02:15:06.381129+00:00
872,26,2327,,"[발표] 세션 8: 제조, 소재, 원료 (생산)","세션 8: 제조, 소재, 원료 (생산)",세션 발표,,,,,완료,,2026-08-08 02:15:06.381129+00:00
873,26,1467,,[발표] 세션 2: 로보틱스,세션 2: 로보틱스,세션 발표,,,,,완료,,2026-08-08 02:15:06.381129+00:00
874,26,2338,,"[발표] 세션 1: AI, 메타버스","세션 1: AI, 메타버스",세션 발표,,,,,완료,,2026-08-08 02:15:06.381129+00:00
875,26,2274,,[발표] 세션 3: K-푸드테크 플랫폼,세션 3: K-푸드테크 플랫폼,세션 발표,,,,,완료,,2026-08-08 02:15:06.381129+00:00
876,26,2339,,"[발표] 세션 8: 제조, 소재, 원료 (생산)","세션 8: 제조, 소재, 원료 (생산)",세션 발표,,,,,완료,,2026-08-08 02:15:06.381129+00:00
877,26,2265,,"[좌장] 세션 7: 주문, 배송, 물류 (공급)","세션 7: 주문, 배송, 물류 (공급)",패널토론,,,,,완료,,2026-08-08 02:15:06.381129+00:00
878,26,2109,,[발표] 세션 5: ESG,세션 5: ESG,세션 발표,,,,,완료,,2026-08-08 02:15:06.381129+00:00
879,26,2340,,"[발표] 세션 8: 제조, 소재, 원료 (생산)","세션 8: 제조, 소재, 원료 (생산)",세션 발표,,,,,완료,,2026-08-08 02:15:06.381129+00:00
880,26,2341,,"[발표] 세션 6: 조리, 외식(소비)","세션 6: 조리, 외식(소비)",세션 발표,,,,,완료,,2026-08-08 02:15:06.381129+00:00
881,26,1144,,"[발표] 세션 1: AI, 메타버스","세션 1: AI, 메타버스",세션 발표,,,,,완료,,2026-08-08 02:15:06.381129+00:00
882,26,1554,,"[발표] 세션 7: 주문, 배송, 물류 (공급)","세션 7: 주문, 배송, 물류 (공급)",세션 발표,,,,,완료,,2026-08-08 02:15:06.381129+00:00
883,26,1555,,[발표] 세션 5: ESG,세션 5: ESG,세션 발표,,,,,완료,,2026-08-08 02:15:06.381129+00:00
884,26,2342,,"[발표] 세션 1: AI, 메타버스","세션 1: AI, 메타버스",세션 발표,,,,,완료,,2026-08-08 02:15:06.381129+00:00
885,26,2290,,[발표] 세션 3: K-푸드테크 플랫폼,세션 3: K-푸드테크 플랫폼,세션 발표,,,,,완료,,2026-08-08 02:15:06.381129+00:00
886,26,2343,,[좌장] 세션 2: 로보틱스,세션 2: 로보틱스,패널토론,,,,,완료,,2026-08-08 02:15:06.381129+00:00
887,26,2344,,[좌장] 세션 3: K-푸드테크 플랫폼,세션 3: K-푸드테크 플랫폼,패널토론,,,,,완료,,2026-08-08 02:15:06.381129+00:00
888,26,2345,,"[발표] 세션 1: AI, 메타버스","세션 1: AI, 메타버스",세션 발표,,,,,완료,,2026-08-08 02:15:06.381129+00:00
889,26,1482,,"[좌장] 세션 6: 조리, 외식(소비)","세션 6: 조리, 외식(소비)",패널토론,,,,,완료,,2026-08-08 02:15:06.381129+00:00
890,26,2346,,[발표] 세션 5: ESG,세션 5: ESG,세션 발표,,,,,완료,,2026-08-08 02:15:06.381129+00:00
891,26,2347,,[발표] 세션 3: K-푸드테크 플랫폼,세션 3: K-푸드테크 플랫폼,세션 발표,,,,,완료,,2026-08-08 02:15:06.381129+00:00
892,26,2348,,[발표] 세션 2: 로보틱스,세션 2: 로보틱스,세션 발표,,,,,완료,,2026-08-08 02:15:06.381129+00:00
893,26,2024,,"[발표] 세션 6: 조리, 외식(소비)","세션 6: 조리, 외식(소비)",세션 발표,,,,,완료,,2026-08-08 02:15:06.381129+00:00
894,26,1526,,"[발표] 세션 7: 주문, 배송, 물류 (공급)","세션 7: 주문, 배송, 물류 (공급)",세션 발표,,,,,완료,,2026-08-08 02:15:06.381129+00:00
895,26,2349,,[좌장] 세션 4: 개인맞춤,세션 4: 개인맞춤,패널토론,,,,,완료,,2026-08-08 02:15:06.381129+00:00
896,26,1619,,[발표] 세션 4: 개인맞춤,세션 4: 개인맞춤,세션 발표,,,,,완료,,2026-08-08 02:15:06.381129+00:00
