id,name,org_type,industry,website,address,notes,created_at,updated_at
496,(유)농업회사법인 왕산종묘,,,,,,2026-08-08 01:53:58.576308+00:00,2026-08-08 01:53:58.576308+00:00
497,(재)한국화학융합시험연구원,,,,,,2026-08-08 01:53:58.576308+00:00,2026-08-08 01:53:58.576308+00:00
498,(전) 경북대학교,,,,,,2026-08-08 01:53:58.576308+00:00,2026-08-08 01:53:58.576308+00:00
499,(전) 세종대학교,,,,,,2026-08-08 01:53:58.576308+00:00,2026-08-08 01:53:58.576308+00:00
500,(주)신바드,,,,,,2026-08-08 01:53:58.576308+00:00,2026-08-08 01:53:58.576308+00:00
501,CJ,,,,,,2026-08-08 01:53:58.576308+00:00,2026-08-08 01:53:58.576308+00:00
502,CJ ENM,,,,,,2026-08-08 01:53:58.576308+00:00,2026-08-08 01:53:58.576308+00:00
503,CJ 프레시웨이,,,,,,2026-08-08 01:53:58.576308+00:00,2026-08-08 01:53:58.576308+00:00
504,CJ바이오사이언스,,,,,,2026-08-08 01:53:58.576308+00:00,2026-08-08 01:53:58.576308+00:00
505,CJ제일제당,,,,,,2026-08-08 01:53:58.576308+00:00,2026-08-08 01:53:58.576308+00:00
506,CJ제일제당 식품연구소,,,,,,2026-08-08 01:53:58.576308+00:00,2026-08-08 01:53:58.576308+00:00
507,"Dr. Schön, Neymeyr & Partner 특허사무소",,,,,,2026-08-08 01:53:58.576308+00:00,2026-08-08 01:53:58.576308+00:00
508,GS,,,,,,2026-08-08 01:53:58.576308+00:00,2026-08-08 01:53:58.576308+00:00
509,Harvard University,,,,,,2026-08-08 01:53:58.576308+00:00,2026-08-08 01:53:58.576308+00:00
510,ICON Plc,,,,,,2026-08-08 01:53:58.576308+00:00,2026-08-08 01:53:58.576308+00:00
511,Impossible™,,,,,,2026-08-08 01:53:58.576308+00:00,2026-08-08 01:53:58.576308+00:00
512,JTBC,,,,,,2026-08-08 01:53:58.576308+00:00,2026-08-08 01:53:58.576308+00:00
513,JW중외제약,,,,,,2026-08-08 01:53:58.576308+00:00,2026-08-08 01:53:58.576308+00:00
514,KB국민은행,,,,,,2026-08-08 01:53:58.576308+00:00,2026-08-08 01:53:58.576308+00:00
515,KFC 코리아 대표,,,,,,2026-08-08 01:53:58.576308+00:00,2026-08-08 01:53:58.576308+00:00
516,LG 생활건강,,,,,,2026-08-08 01:53:58.576308+00:00,2026-08-08 01:53:58.576308+00:00
517,LG전자,,,,,,2026-08-08 01:53:58.576308+00:00,2026-08-08 01:53:58.576308+00:00
518,ONA,,,,,,2026-08-08 01:53:58.576308+00:00,2026-08-08 01:53:58.576308+00:00
519,Prep academy,,,,,,2026-08-08 01:53:58.576308+00:00,2026-08-08 01:53:58.576308+00:00
520,SPC,,,,,,2026-08-08 01:53:58.576308+00:00,2026-08-08 01:53:58.576308+00:00
521,SPC삼립,,,,,,2026-08-08 01:53:58.576308+00:00,2026-08-08 01:53:58.576308+00:00
522,SY솔루션,,,,,,2026-08-08 01:53:58.576308+00:00,2026-08-08 01:53:58.576308+00:00
523,University of Massachusetts Chan Medical School,,,,,,2026-08-08 01:53:58.576308+00:00,2026-08-08 01:53:58.576308+00:00
524,WFT연구원,,,,,,2026-08-08 01:53:58.576308+00:00,2026-08-08 01:53:58.576308+00:00
525,hy(구 한국야쿠르트) 글로벌사업1팀,,,,,,2026-08-08 01:53:58.576308+00:00,2026-08-08 01:53:58.576308+00:00
526,㈜ 코스맥스,,,,,,2026-08-08 01:53:58.576308+00:00,2026-08-08 01:53:58.576308+00:00
527,前 서울예술대학교/전주대/계원예술대/과학기술대학교,,,,,,2026-08-08 01:53:58.576308+00:00,2026-08-08 01:53:58.576308+00:00
528,가족사랑요양병원,,,,,,2026-08-08 01:53:58.576308+00:00,2026-08-08 01:53:58.576308+00:00
529,가천대학교,,,,,,2026-08-08 01:53:58.576308+00:00,2026-08-08 01:53:58.576308+00:00
530,가톨릭대학교,,,,,,2026-08-08 01:53:58.576308+00:00,2026-08-08 01:53:58.576308+00:00
531,강원대학교,,,,,,2026-08-08 01:53:58.576308+00:00,2026-08-08 01:53:58.576308+00:00
532,같이양조장,,,,,,2026-08-08 01:53:58.576308+00:00,2026-08-08 01:53:58.576308+00:00
533,개인사업(친정갈비),,,,,,2026-08-08 01:53:58.576308+00:00,2026-08-08 01:53:58.576308+00:00
534,갤럭시코퍼레이션,,,,,,2026-08-08 01:53:58.576308+00:00,2026-08-08 01:53:58.576308+00:00
535,건국대학교,,,,,,2026-08-08 01:53:58.576308+00:00,2026-08-08 01:53:58.576308+00:00
536,경기농수산진흥원,,,,,,2026-08-08 01:53:58.576308+00:00,2026-08-08 01:53:58.576308+00:00
537,경기도농업기술원,,,,,,2026-08-08 01:53:58.576308+00:00,2026-08-08 01:53:58.576308+00:00
538,경북대학교,,,,,,2026-08-08 01:53:58.576308+00:00,2026-08-08 01:53:58.576308+00:00
539,경희대학교,,,,,,2026-08-08 01:53:58.576308+00:00,2026-08-08 01:53:58.576308+00:00
540,고려대학교,,,,,,2026-08-08 01:53:58.576308+00:00,2026-08-08 01:53:58.576308+00:00
541,고바이오랩,,,,,,2026-08-08 01:53:58.576308+00:00,2026-08-08 01:53:58.576308+00:00
542,고피자,,,,,,2026-08-08 01:53:58.576308+00:00,2026-08-08 01:53:58.576308+00:00
543,공백담,,,,,,2026-08-08 01:53:58.576308+00:00,2026-08-08 01:53:58.576308+00:00
544,과천시 푸드테크 연구지원센터,,,,,,2026-08-08 01:53:58.576308+00:00,2026-08-08 01:53:58.576308+00:00
545,과학기술정책연구원,,,,,,2026-08-08 01:53:58.576308+00:00,2026-08-08 01:53:58.576308+00:00
546,교보생명,,,,,,2026-08-08 01:53:58.576308+00:00,2026-08-08 01:53:58.576308+00:00
547,구직중,,,,,,2026-08-08 01:53:58.576308+00:00,2026-08-08 01:53:58.576308+00:00
548,국민대학교,,,,,,2026-08-08 01:53:58.576308+00:00,2026-08-08 01:53:58.576308+00:00
549,국바,,,,,,2026-08-08 01:53:58.576308+00:00,2026-08-08 01:53:58.576308+00:00
550,국제농업기술학과,,,,,,2026-08-08 01:53:58.576308+00:00,2026-08-08 01:53:58.576308+00:00
551,국제올림픽위원회,,,,,,2026-08-08 01:53:58.576308+00:00,2026-08-08 01:53:58.576308+00:00
552,국회,,,,,,2026-08-08 01:53:58.576308+00:00,2026-08-08 01:53:58.576308+00:00
553,굿앤스,,,,,,2026-08-08 01:53:58.576308+00:00,2026-08-08 01:53:58.576308+00:00
554,그레잇코리아,,,,,,2026-08-08 01:53:58.576308+00:00,2026-08-08 01:53:58.576308+00:00
555,그린랩스,,,,,,2026-08-08 01:53:58.576308+00:00,2026-08-08 01:53:58.576308+00:00
556,글로벌미트플랫폼,,,,,,2026-08-08 01:53:58.576308+00:00,2026-08-08 01:53:58.576308+00:00
557,기계공학부,,,,,,2026-08-08 01:53:58.576308+00:00,2026-08-08 01:53:58.576308+00:00
558,기장물산랩(주),,,,,,2026-08-08 01:53:58.576308+00:00,2026-08-08 01:53:58.576308+00:00
559,나노랩스,,,,,,2026-08-08 01:53:58.576308+00:00,2026-08-08 01:53:58.576308+00:00
560,나눔엔젤스,,,,,,2026-08-08 01:53:58.576308+00:00,2026-08-08 01:53:58.576308+00:00
561,남송바이탈,,,,,,2026-08-08 01:53:58.576308+00:00,2026-08-08 01:53:58.576308+00:00
562,남양유업,,,,,,2026-08-08 01:53:58.576308+00:00,2026-08-08 01:53:58.576308+00:00
563,네이처앤컬처,,,,,,2026-08-08 01:53:58.576308+00:00,2026-08-08 01:53:58.576308+00:00
564,넥스트페이먼츠,,,,,,2026-08-08 01:53:58.576308+00:00,2026-08-08 01:53:58.576308+00:00
565,넷(NET),,,,,,2026-08-08 01:53:58.576308+00:00,2026-08-08 01:53:58.576308+00:00
566,노벨뉴트리션,,,,,,2026-08-08 01:53:58.576308+00:00,2026-08-08 01:53:58.576308+00:00
567,농경제사회학부,,,,,,2026-08-08 01:53:58.576308+00:00,2026-08-08 01:53:58.576308+00:00
568,농림자원학부,,,,,,2026-08-08 01:53:58.576308+00:00,2026-08-08 01:53:58.576308+00:00
569,농림축산식푸부 기획조정실장,,,,,,2026-08-08 01:53:58.576308+00:00,2026-08-08 01:53:58.576308+00:00
570,농심,,,,,,2026-08-08 01:53:58.576308+00:00,2026-08-08 01:53:58.576308+00:00
571,농심태경,,,,,,2026-08-08 01:53:58.576308+00:00,2026-08-08 01:53:58.576308+00:00
572,농업정책보험금융원,,,,,,2026-08-08 01:53:58.576308+00:00,2026-08-08 01:53:58.576308+00:00
573,농촌진흥청,,,,,,2026-08-08 01:53:58.576308+00:00,2026-08-08 01:53:58.576308+00:00
574,농촌진흥청 국립농업과학원,,,,,,2026-08-08 01:53:58.576308+00:00,2026-08-08 01:53:58.576308+00:00
575,농촌진흥청 국립식량과학원,,,,,,2026-08-08 01:53:58.576308+00:00,2026-08-08 01:53:58.576308+00:00
576,누리바다,,,,,,2026-08-08 01:53:58.576308+00:00,2026-08-08 01:53:58.576308+00:00
577,누비랩,,,,,,2026-08-08 01:53:58.576308+00:00,2026-08-08 01:53:58.576308+00:00
578,뉴로메카,,,,,,2026-08-08 01:53:58.576308+00:00,2026-08-08 01:53:58.576308+00:00
579,뉴시스,,,,,,2026-08-08 01:53:58.576308+00:00,2026-08-08 01:53:58.576308+00:00
580,다인소재,,,,,,2026-08-08 01:53:58.576308+00:00,2026-08-08 01:53:58.576308+00:00
581,다조은프레시농업회사법인,,,,,,2026-08-08 01:53:58.576308+00:00,2026-08-08 01:53:58.576308+00:00
582,닥터밸앤컴퍼니,,,,,,2026-08-08 01:53:58.576308+00:00,2026-08-08 01:53:58.576308+00:00
583,단국대학교,,,,,,2026-08-08 01:53:58.576308+00:00,2026-08-08 01:53:58.576308+00:00
584,담아,,,,,,2026-08-08 01:53:58.576308+00:00,2026-08-08 01:53:58.576308+00:00
585,당크디자인하우스,,,,,,2026-08-08 01:53:58.576308+00:00,2026-08-08 01:53:58.576308+00:00
586,대경푸드빌,,,,,,2026-08-08 01:53:58.576308+00:00,2026-08-08 01:53:58.576308+00:00
587,대동,,,,,,2026-08-08 01:53:58.576308+00:00,2026-08-08 01:53:58.576308+00:00
588,대상,,,,,,2026-08-08 01:53:58.576308+00:00,2026-08-08 01:53:58.576308+00:00
589,대상 주식회사,,,,,,2026-08-08 01:53:58.576308+00:00,2026-08-08 01:53:58.576308+00:00
590,대상웰라이프,,,,,,2026-08-08 01:53:58.576308+00:00,2026-08-08 01:53:58.576308+00:00
591,대상웰라이프 대표,,,,,,2026-08-08 01:53:58.576308+00:00,2026-08-08 01:53:58.576308+00:00
592,대신농산,,,,,,2026-08-08 01:53:58.576308+00:00,2026-08-08 01:53:58.576308+00:00
593,대학내일,,,,,,2026-08-08 01:53:58.576308+00:00,2026-08-08 01:53:58.576308+00:00
594,대한푸드,,,,,,2026-08-08 01:53:58.576308+00:00,2026-08-08 01:53:58.576308+00:00
595,더다감,,,,,,2026-08-08 01:53:58.576308+00:00,2026-08-08 01:53:58.576308+00:00
596,더드립,,,,,,2026-08-08 01:53:58.576308+00:00,2026-08-08 01:53:58.576308+00:00
597,더레드우즈,,,,,,2026-08-08 01:53:58.576308+00:00,2026-08-08 01:53:58.576308+00:00
598,더맘마,,,,,,2026-08-08 01:53:58.576308+00:00,2026-08-08 01:53:58.576308+00:00
599,더문랩,,,,,,2026-08-08 01:53:58.576308+00:00,2026-08-08 01:53:58.576308+00:00
600,더바이오메드,,,,,,2026-08-08 01:53:58.576308+00:00,2026-08-08 01:53:58.576308+00:00
601,더브레드블루,,,,,,2026-08-08 01:53:58.576308+00:00,2026-08-08 01:53:58.576308+00:00
602,더블앤코퍼레이션,,,,,,2026-08-08 01:53:58.576308+00:00,2026-08-08 01:53:58.576308+00:00
603,더컨셔스바이트,,,,,,2026-08-08 01:53:58.576308+00:00,2026-08-08 01:53:58.576308+00:00
604,더트리니티갤러리,,,,,,2026-08-08 01:53:58.576308+00:00,2026-08-08 01:53:58.576308+00:00
605,더플랜잇,,,,,,2026-08-08 01:53:58.576308+00:00,2026-08-08 01:53:58.576308+00:00
606,더필,,,,,,2026-08-08 01:53:58.576308+00:00,2026-08-08 01:53:58.576308+00:00
607,덕성여자대학교,,,,,,2026-08-08 01:53:58.576308+00:00,2026-08-08 01:53:58.576308+00:00
608,데이웰즈,,,,,,2026-08-08 01:53:58.576308+00:00,2026-08-08 01:53:58.576308+00:00
609,동국대학교,,,,,,2026-08-08 01:53:58.576308+00:00,2026-08-08 01:53:58.576308+00:00
610,동물생명공학,,,,,,2026-08-08 01:53:58.576308+00:00,2026-08-08 01:53:58.576308+00:00
611,동아일보,,,,,,2026-08-08 01:53:58.576308+00:00,2026-08-08 01:53:58.576308+00:00
612,동원 F&B,,,,,,2026-08-08 01:53:58.576308+00:00,2026-08-08 01:53:58.576308+00:00
613,동화가든원조짬순,,,,,,2026-08-08 01:53:58.576308+00:00,2026-08-08 01:53:58.576308+00:00
614,동화약품,,,,,,2026-08-08 01:53:58.576308+00:00,2026-08-08 01:53:58.576308+00:00
615,두닷두,,,,,,2026-08-08 01:53:58.576308+00:00,2026-08-08 01:53:58.576308+00:00
616,두리컴퍼니,,,,,,2026-08-08 01:53:58.576308+00:00,2026-08-08 01:53:58.576308+00:00
617,드림스톤 파트너스,,,,,,2026-08-08 01:53:58.576308+00:00,2026-08-08 01:53:58.576308+00:00
618,디스트릭트,,,,,,2026-08-08 01:53:58.576308+00:00,2026-08-08 01:53:58.576308+00:00
619,디자인 스튜디오,,,,,,2026-08-08 01:53:58.576308+00:00,2026-08-08 01:53:58.576308+00:00
620,디자인스퀘어,,,,,,2026-08-08 01:53:58.576308+00:00,2026-08-08 01:53:58.576308+00:00
621,디지털플랫폼정보위원회 국장,,,,,,2026-08-08 01:53:58.576308+00:00,2026-08-08 01:53:58.576308+00:00
622,딜라이트푸드,,,,,,2026-08-08 01:53:58.576308+00:00,2026-08-08 01:53:58.576308+00:00
623,랑컴퍼니,,,,,,2026-08-08 01:53:58.576308+00:00,2026-08-08 01:53:58.576308+00:00
624,래빗(lab-EAT),,,,,,2026-08-08 01:53:58.576308+00:00,2026-08-08 01:53:58.576308+00:00
625,래티브,,,,,,2026-08-08 01:53:58.576308+00:00,2026-08-08 01:53:58.576308+00:00
626,로맨시브,,,,,,2026-08-08 01:53:58.576308+00:00,2026-08-08 01:53:58.576308+00:00
627,로보아르테,,,,,,2026-08-08 01:53:58.576308+00:00,2026-08-08 01:53:58.576308+00:00
628,로브콜,,,,,,2026-08-08 01:53:58.576308+00:00,2026-08-08 01:53:58.576308+00:00
629,로우파트너스,,,,,,2026-08-08 01:53:58.576308+00:00,2026-08-08 01:53:58.576308+00:00
630,록야 대표,,,,,,2026-08-08 01:53:58.576308+00:00,2026-08-08 01:53:58.576308+00:00
631,론자 CHI,,,,,,2026-08-08 01:53:58.576308+00:00,2026-08-08 01:53:58.576308+00:00
632,롯데중앙연구소,,,,,,2026-08-08 01:53:58.576308+00:00,2026-08-08 01:53:58.576308+00:00
633,루덴스파트너스,,,,,,2026-08-08 01:53:58.576308+00:00,2026-08-08 01:53:58.576308+00:00
634,리뉴얼라이프,,,,,,2026-08-08 01:53:58.576308+00:00,2026-08-08 01:53:58.576308+00:00
635,리만코리아,,,,,,2026-08-08 01:53:58.576308+00:00,2026-08-08 01:53:58.576308+00:00
636,리하베스트,,,,,,2026-08-08 01:53:58.576308+00:00,2026-08-08 01:53:58.576308+00:00
637,링스업,,,,,,2026-08-08 01:53:58.576308+00:00,2026-08-08 01:53:58.576308+00:00
638,마그나인베스트먼트,,,,,,2026-08-08 01:53:58.576308+00:00,2026-08-08 01:53:58.576308+00:00
639,마이리얼트립,,,,,,2026-08-08 01:53:58.576308+00:00,2026-08-08 01:53:58.576308+00:00
640,마이크로디지탈,,,,,,2026-08-08 01:53:58.576308+00:00,2026-08-08 01:53:58.576308+00:00
641,마인드에이아이,,,,,,2026-08-08 01:53:58.576308+00:00,2026-08-08 01:53:58.576308+00:00
642,마취통증의학교실,,,,,,2026-08-08 01:53:58.576308+00:00,2026-08-08 01:53:58.576308+00:00
643,만다린로보틱스,,,,,,2026-08-08 01:53:58.576308+00:00,2026-08-08 01:53:58.576308+00:00
644,매일경제신문,,,,,,2026-08-08 01:53:58.576308+00:00,2026-08-08 01:53:58.576308+00:00
645,매일유업,,,,,,2026-08-08 01:53:58.576308+00:00,2026-08-08 01:53:58.576308+00:00
646,머니투데이,,,,,,2026-08-08 01:53:58.576308+00:00,2026-08-08 01:53:58.576308+00:00
647,메드팩토,,,,,,2026-08-08 01:53:58.576308+00:00,2026-08-08 01:53:58.576308+00:00
648,메디퓨처스,,,,,,2026-08-08 01:53:58.576308+00:00,2026-08-08 01:53:58.576308+00:00
649,메디프레소,,,,,,2026-08-08 01:53:58.576308+00:00,2026-08-08 01:53:58.576308+00:00
650,메타인베스트먼트,,,,,,2026-08-08 01:53:58.576308+00:00,2026-08-08 01:53:58.576308+00:00
651,메타텍스쳐,,,,,,2026-08-08 01:53:58.576308+00:00,2026-08-08 01:53:58.576308+00:00
652,메테오바이오텍,,,,,,2026-08-08 01:53:58.576308+00:00,2026-08-08 01:53:58.576308+00:00
653,명성에프엠씨,,,,,,2026-08-08 01:53:58.576308+00:00,2026-08-08 01:53:58.576308+00:00
654,명지대학교,,,,,,2026-08-08 01:53:58.576308+00:00,2026-08-08 01:53:58.576308+00:00
655,목화,,,,,,2026-08-08 01:53:58.576308+00:00,2026-08-08 01:53:58.576308+00:00
656,미정,,,,,,2026-08-08 01:53:58.576308+00:00,2026-08-08 01:53:58.576308+00:00
657,바로고,,,,,,2026-08-08 01:53:58.576308+00:00,2026-08-08 01:53:58.576308+00:00
658,바로군,,,,,,2026-08-08 01:53:58.576308+00:00,2026-08-08 01:53:58.576308+00:00
659,바이오시스템공학,,,,,,2026-08-08 01:53:58.576308+00:00,2026-08-08 01:53:58.576308+00:00
660,바이오시스템공학부,,,,,,2026-08-08 01:53:58.576308+00:00,2026-08-08 01:53:58.576308+00:00
661,밥스누,,,,,,2026-08-08 01:53:58.576308+00:00,2026-08-08 01:53:58.576308+00:00
662,밸런스,,,,,,2026-08-08 01:53:58.576308+00:00,2026-08-08 01:53:58.576308+00:00
663,법무법인 인,,,,,,2026-08-08 01:53:58.576308+00:00,2026-08-08 01:53:58.576308+00:00
664,법무법인 지평,,,,,,2026-08-08 01:53:58.576308+00:00,2026-08-08 01:53:58.576308+00:00
665,법무법인 화우,,,,,,2026-08-08 01:53:58.576308+00:00,2026-08-08 01:53:58.576308+00:00
666,법무법인(유) 세종,,,,,,2026-08-08 01:53:58.576308+00:00,2026-08-08 01:53:58.576308+00:00
667,법무법인(유)원,,,,,,2026-08-08 01:53:58.576308+00:00,2026-08-08 01:53:58.576308+00:00
668,법무법인원,,,,,,2026-08-08 01:53:58.576308+00:00,2026-08-08 01:53:58.576308+00:00
669,베름,,,,,,2026-08-08 01:53:58.576308+00:00,2026-08-08 01:53:58.576308+00:00
670,베이크플러스,,,,,,2026-08-08 01:53:58.576308+00:00,2026-08-08 01:53:58.576308+00:00
671,벡스코리아,,,,,,2026-08-08 01:53:58.576308+00:00,2026-08-08 01:53:58.576308+00:00
672,벽제,,,,,,2026-08-08 01:53:58.576308+00:00,2026-08-08 01:53:58.576308+00:00
673,벽제푸드,,,,,,2026-08-08 01:53:58.576308+00:00,2026-08-08 01:53:58.576308+00:00
674,보건대학원,,,,,,2026-08-08 01:53:58.576308+00:00,2026-08-08 01:53:58.576308+00:00
675,부경대학교,,,,,,2026-08-08 01:53:58.576308+00:00,2026-08-08 01:53:58.576308+00:00
676,부경대학교/뉴트라잇,,,,,,2026-08-08 01:53:58.576308+00:00,2026-08-08 01:53:58.576308+00:00
677,부즈앤버즈,,,,,,2026-08-08 01:53:58.576308+00:00,2026-08-08 01:53:58.576308+00:00
678,분자의학 및 바이오제약학과,,,,,,2026-08-08 01:53:58.576308+00:00,2026-08-08 01:53:58.576308+00:00
679,브로코스,,,,,,2026-08-08 01:53:58.576308+00:00,2026-08-08 01:53:58.576308+00:00
680,블룸어스,,,,,,2026-08-08 01:53:58.576308+00:00,2026-08-08 01:53:58.576308+00:00
681,비빔고,,,,,,2026-08-08 01:53:58.576308+00:00,2026-08-08 01:53:58.576308+00:00
682,비알코리아,,,,,,2026-08-08 01:53:58.576308+00:00,2026-08-08 01:53:58.576308+00:00
683,비욘드허니컴,,,,,,2026-08-08 01:53:58.576308+00:00,2026-08-08 01:53:58.576308+00:00
684,비케이유인베스트먼트,,,,,,2026-08-08 01:53:58.576308+00:00,2026-08-08 01:53:58.576308+00:00
685,비타푸드,,,,,,2026-08-08 01:53:58.576308+00:00,2026-08-08 01:53:58.576308+00:00
686,비피도,,,,,,2026-08-08 01:53:58.576308+00:00,2026-08-08 01:53:58.576308+00:00
687,빅썸바이오,,,,,,2026-08-08 01:53:58.576308+00:00,2026-08-08 01:53:58.576308+00:00
688,사랑과선행,,,,,,2026-08-08 01:53:58.576308+00:00,2026-08-08 01:53:58.576308+00:00
689,사무국,,,,,,2026-08-08 01:53:58.576308+00:00,2026-08-08 01:53:58.576308+00:00
690,사조대림,,,,,,2026-08-08 01:53:58.576308+00:00,2026-08-08 01:53:58.576308+00:00
691,산업공학과,,,,,,2026-08-08 01:53:58.576308+00:00,2026-08-08 01:53:58.576308+00:00
692,삼성바이오로직스,,,,,,2026-08-08 01:53:58.576308+00:00,2026-08-08 01:53:58.576308+00:00
693,삼성전자,,,,,,2026-08-08 01:53:58.576308+00:00,2026-08-08 01:53:58.576308+00:00
694,삼양,,,,,,2026-08-08 01:53:58.576308+00:00,2026-08-08 01:53:58.576308+00:00
695,삼양사,,,,,,2026-08-08 01:53:58.576308+00:00,2026-08-08 01:53:58.576308+00:00
696,삼양식품,,,,,,2026-08-08 01:53:59.557345+00:00,2026-08-08 01:53:59.557345+00:00
697,삼정향료,,,,,,2026-08-08 01:53:59.557345+00:00,2026-08-08 01:53:59.557345+00:00
698,삼진푸드,,,,,,2026-08-08 01:53:59.557345+00:00,2026-08-08 01:53:59.557345+00:00
699,상명대학교,,,,,,2026-08-08 01:53:59.557345+00:00,2026-08-08 01:53:59.557345+00:00
700,상창,,,,,,2026-08-08 01:53:59.557345+00:00,2026-08-08 01:53:59.557345+00:00
701,샘표,,,,,,2026-08-08 01:53:59.557345+00:00,2026-08-08 01:53:59.557345+00:00
702,샘표식품,,,,,,2026-08-08 01:53:59.557345+00:00,2026-08-08 01:53:59.557345+00:00
703,서울경제신문,,,,,,2026-08-08 01:53:59.557345+00:00,2026-08-08 01:53:59.557345+00:00
704,서울과학기술대학교,,,,,,2026-08-08 01:53:59.557345+00:00,2026-08-08 01:53:59.557345+00:00
705,서울대,,,,,,2026-08-08 01:53:59.557345+00:00,2026-08-08 01:53:59.557345+00:00
706,서울대 농림생물자원학부,,,,,,2026-08-08 01:53:59.557345+00:00,2026-08-08 01:53:59.557345+00:00
707,서울대 농생대 지역정보학,,,,,,2026-08-08 01:53:59.557345+00:00,2026-08-08 01:53:59.557345+00:00
708,서울대 법학전문대학원,,,,,,2026-08-08 01:53:59.557345+00:00,2026-08-08 01:53:59.557345+00:00
709,서울대 산업공학과,,,,,,2026-08-08 01:53:59.557345+00:00,2026-08-08 01:53:59.557345+00:00
710,서울대 생명과학부,,,,,,2026-08-08 01:53:59.557345+00:00,2026-08-08 01:53:59.557345+00:00
711,서울대 푸드테크학과,,,,,,2026-08-08 01:53:59.557345+00:00,2026-08-08 01:53:59.557345+00:00
712,서울대/비피도,,,,,,2026-08-08 01:53:59.557345+00:00,2026-08-08 01:53:59.557345+00:00
713,서울대학교,,,,,,2026-08-08 01:53:59.557345+00:00,2026-08-08 01:53:59.557345+00:00
714,서울대학교 경영전문대학원,,,,,,2026-08-08 01:53:59.557345+00:00,2026-08-08 01:53:59.557345+00:00
715,서울대학교 공과대학 기계공학부,,,,,,2026-08-08 01:53:59.557345+00:00,2026-08-08 01:53:59.557345+00:00
716,서울대학교 국제농업기술대학원 경제동물과학전공,,,,,,2026-08-08 01:53:59.557345+00:00,2026-08-08 01:53:59.557345+00:00
717,서울대학교 농업생명과학대학,,,,,,2026-08-08 01:53:59.557345+00:00,2026-08-08 01:53:59.557345+00:00
718,서울대학교 디자인학부/액션서울,,,,,,2026-08-08 01:53:59.557345+00:00,2026-08-08 01:53:59.557345+00:00
719,서울대학교 산업인력개발학전공/콜마비앤에이치,,,,,,2026-08-08 01:53:59.557345+00:00,2026-08-08 01:53:59.557345+00:00
720,서울대학교 정밀식품솔루션 연구실,,,,,,2026-08-08 01:53:59.557345+00:00,2026-08-08 01:53:59.557345+00:00
721,서울대학교 첨단융합학부/ 농생대 산업인력개발,,,,,,2026-08-08 01:53:59.557345+00:00,2026-08-08 01:53:59.557345+00:00
722,서울대학교 푸드테크학과/CJ제일제당,,,,,,2026-08-08 01:53:59.557345+00:00,2026-08-08 01:53:59.557345+00:00
723,서울대학교 화학부/그래핀스퀘어/바이오그래핀,,,,,,2026-08-08 01:53:59.557345+00:00,2026-08-08 01:53:59.557345+00:00
724,서울대학교(원프레딕트),,,,,,2026-08-08 01:53:59.557345+00:00,2026-08-08 01:53:59.557345+00:00
725,서울대학교병원,,,,,,2026-08-08 01:53:59.557345+00:00,2026-08-08 01:53:59.557345+00:00
726,서울여자대학교,,,,,,2026-08-08 01:53:59.557345+00:00,2026-08-08 01:53:59.557345+00:00
727,서울예술대학교,,,,,,2026-08-08 01:53:59.557345+00:00,2026-08-08 01:53:59.557345+00:00
728,서울행정법원 부장판사,,,,,,2026-08-08 01:53:59.557345+00:00,2026-08-08 01:53:59.557345+00:00
729,서울향료,,,,,,2026-08-08 01:53:59.557345+00:00,2026-08-08 01:53:59.557345+00:00
730,선해수산,,,,,,2026-08-08 01:53:59.557345+00:00,2026-08-08 01:53:59.557345+00:00
731,성신여자대학교,,,,,,2026-08-08 01:53:59.557345+00:00,2026-08-08 01:53:59.557345+00:00
732,세니젠,,,,,,2026-08-08 01:53:59.557345+00:00,2026-08-08 01:53:59.557345+00:00
733,세모녀,,,,,,2026-08-08 01:53:59.557345+00:00,2026-08-08 01:53:59.557345+00:00
734,세종대학교,,,,,,2026-08-08 01:53:59.557345+00:00,2026-08-08 01:53:59.557345+00:00
735,셀바스에이아이,,,,,,2026-08-08 01:53:59.557345+00:00,2026-08-08 01:53:59.557345+00:00
736,셀트리온,,,,,,2026-08-08 01:53:59.557345+00:00,2026-08-08 01:53:59.557345+00:00
737,소비자학과,,,,,,2026-08-08 01:53:59.557345+00:00,2026-08-08 01:53:59.557345+00:00
738,소셜빈,,,,,,2026-08-08 01:53:59.557345+00:00,2026-08-08 01:53:59.557345+00:00
739,소속,,,,,,2026-08-08 01:53:59.557345+00:00,2026-08-08 01:53:59.557345+00:00
740,수의학과,,,,,,2026-08-08 01:53:59.557345+00:00,2026-08-08 01:53:59.557345+00:00
741,숲푸드,,,,,,2026-08-08 01:53:59.557345+00:00,2026-08-08 01:53:59.557345+00:00
742,슈퍼커넥트,,,,,,2026-08-08 01:53:59.557345+00:00,2026-08-08 01:53:59.557345+00:00
743,스윗드오,,,,,,2026-08-08 01:53:59.557345+00:00,2026-08-08 01:53:59.557345+00:00
744,스테이정글,,,,,,2026-08-08 01:53:59.557345+00:00,2026-08-08 01:53:59.557345+00:00
745,스톤브릿지벤처스,,,,,,2026-08-08 01:53:59.557345+00:00,2026-08-08 01:53:59.557345+00:00
746,스파이더크래프트,,,,,,2026-08-08 01:53:59.557345+00:00,2026-08-08 01:53:59.557345+00:00
747,스페이스에프,,,,,,2026-08-08 01:53:59.557345+00:00,2026-08-08 01:53:59.557345+00:00
748,시그나이트파트너스,,,,,,2026-08-08 01:53:59.557345+00:00,2026-08-08 01:53:59.557345+00:00
749,시프트바이오,,,,,,2026-08-08 01:53:59.557345+00:00,2026-08-08 01:53:59.557345+00:00
750,식신,,,,,,2026-08-08 01:53:59.557345+00:00,2026-08-08 01:53:59.557345+00:00
751,식약처 기준기획관,,,,,,2026-08-08 01:53:59.557345+00:00,2026-08-08 01:53:59.557345+00:00
752,식품생명공학,,,,,,2026-08-08 01:53:59.557345+00:00,2026-08-08 01:53:59.557345+00:00
753,식품생명공학과,,,,,,2026-08-08 01:53:59.557345+00:00,2026-08-08 01:53:59.557345+00:00
754,식품영양학과,,,,,,2026-08-08 01:53:59.557345+00:00,2026-08-08 01:53:59.557345+00:00
755,신라명과,,,,,,2026-08-08 01:53:59.557345+00:00,2026-08-08 01:53:59.557345+00:00
756,신성씨앤에스,,,,,,2026-08-08 01:53:59.557345+00:00,2026-08-08 01:53:59.557345+00:00
757,신세계센트럴,,,,,,2026-08-08 01:53:59.557345+00:00,2026-08-08 01:53:59.557345+00:00
758,신세계푸드,,,,,,2026-08-08 01:53:59.557345+00:00,2026-08-08 01:53:59.557345+00:00
759,신안천사김,,,,,,2026-08-08 01:53:59.557345+00:00,2026-08-08 01:53:59.557345+00:00
760,심플플래닛,,,,,,2026-08-08 01:53:59.557345+00:00,2026-08-08 01:53:59.557345+00:00
761,쏘렐라하우스,,,,,,2026-08-08 01:53:59.557345+00:00,2026-08-08 01:53:59.557345+00:00
762,씨스페이시스,,,,,,2026-08-08 01:53:59.557345+00:00,2026-08-08 01:53:59.557345+00:00
763,씨엔티테크,,,,,,2026-08-08 01:53:59.557345+00:00,2026-08-08 01:53:59.557345+00:00
764,씨위드,,,,,,2026-08-08 01:53:59.557345+00:00,2026-08-08 01:53:59.557345+00:00
765,씨제이푸드빌,,,,,,2026-08-08 01:53:59.557345+00:00,2026-08-08 01:53:59.557345+00:00
766,씨젠,,,,,,2026-08-08 01:53:59.557345+00:00,2026-08-08 01:53:59.557345+00:00
767,씨케이주식회사,,,,,,2026-08-08 01:53:59.557345+00:00,2026-08-08 01:53:59.557345+00:00
768,씨투씨플랫폼,,,,,,2026-08-08 01:53:59.557345+00:00,2026-08-08 01:53:59.557345+00:00
769,씬터온,,,,,,2026-08-08 01:53:59.557345+00:00,2026-08-08 01:53:59.557345+00:00
770,아라움,,,,,,2026-08-08 01:53:59.557345+00:00,2026-08-08 01:53:59.557345+00:00
771,아로마라인,,,,,,2026-08-08 01:53:59.557345+00:00,2026-08-08 01:53:59.557345+00:00
772,아리너스,,,,,,2026-08-08 01:53:59.557345+00:00,2026-08-08 01:53:59.557345+00:00
773,아모레퍼시픽,,,,,,2026-08-08 01:53:59.557345+00:00,2026-08-08 01:53:59.557345+00:00
774,아셀푸드,,,,,,2026-08-08 01:53:59.557345+00:00,2026-08-08 01:53:59.557345+00:00
775,아워홈,,,,,,2026-08-08 01:53:59.557345+00:00,2026-08-08 01:53:59.557345+00:00
776,아이씨에이치앤비,,,,,,2026-08-08 01:53:59.557345+00:00,2026-08-08 01:53:59.557345+00:00
777,아이씨푸드,,,,,,2026-08-08 01:53:59.557345+00:00,2026-08-08 01:53:59.557345+00:00
778,아이제라,,,,,,2026-08-08 01:53:59.557345+00:00,2026-08-08 01:53:59.557345+00:00
779,아현재한의원,,,,,,2026-08-08 01:53:59.557345+00:00,2026-08-08 01:53:59.557345+00:00
780,안국약품,,,,,,2026-08-08 01:53:59.557345+00:00,2026-08-08 01:53:59.557345+00:00
781,안심LPC,,,,,,2026-08-08 01:53:59.557345+00:00,2026-08-08 01:53:59.557345+00:00
782,알티스트,,,,,,2026-08-08 01:53:59.557345+00:00,2026-08-08 01:53:59.557345+00:00
783,앨라이컨설팅,,,,,,2026-08-08 01:53:59.557345+00:00,2026-08-08 01:53:59.557345+00:00
784,약산바이오,,,,,,2026-08-08 01:53:59.557345+00:00,2026-08-08 01:53:59.557345+00:00
785,어니스트밀,,,,,,2026-08-08 01:53:59.557345+00:00,2026-08-08 01:53:59.557345+00:00
786,어반랩스,,,,,,2026-08-08 01:53:59.557345+00:00,2026-08-08 01:53:59.557345+00:00
787,에듀윌,,,,,,2026-08-08 01:53:59.557345+00:00,2026-08-08 01:53:59.557345+00:00
788,에센셜퍼퓨머리랩,,,,,,2026-08-08 01:53:59.557345+00:00,2026-08-08 01:53:59.557345+00:00
789,에스알씨 팜,,,,,,2026-08-08 01:53:59.557345+00:00,2026-08-08 01:53:59.557345+00:00
790,에스앤에스랩,,,,,,2026-08-08 01:53:59.557345+00:00,2026-08-08 01:53:59.557345+00:00
791,에스엔디,,,,,,2026-08-08 01:53:59.557345+00:00,2026-08-08 01:53:59.557345+00:00
792,에스크컴퍼니,,,,,,2026-08-08 01:53:59.557345+00:00,2026-08-08 01:53:59.557345+00:00
793,에스피엔비티㈜,,,,,,2026-08-08 01:53:59.557345+00:00,2026-08-08 01:53:59.557345+00:00
794,에이스팜,,,,,,2026-08-08 01:53:59.557345+00:00,2026-08-08 01:53:59.557345+00:00
795,에이오팜,,,,,,2026-08-08 01:53:59.557345+00:00,2026-08-08 01:53:59.557345+00:00
796,에이피테크놀로지,,,,,,2026-08-08 01:53:59.557345+00:00,2026-08-08 01:53:59.557345+00:00
797,엑스바엑스,,,,,,2026-08-08 01:53:59.557345+00:00,2026-08-08 01:53:59.557345+00:00
798,엑티부키,,,,,,2026-08-08 01:53:59.557345+00:00,2026-08-08 01:53:59.557345+00:00
799,엔피케이솔루션즈,,,,,,2026-08-08 01:53:59.557345+00:00,2026-08-08 01:53:59.557345+00:00
800,엘로이랩,,,,,,2026-08-08 01:53:59.557345+00:00,2026-08-08 01:53:59.557345+00:00
801,엘에스비,,,,,,2026-08-08 01:53:59.557345+00:00,2026-08-08 01:53:59.557345+00:00
802,엘지전자,,,,,,2026-08-08 01:53:59.557345+00:00,2026-08-08 01:53:59.557345+00:00
803,엠에스그룹,,,,,,2026-08-08 01:53:59.557345+00:00,2026-08-08 01:53:59.557345+00:00
804,엠에프엠,,,,,,2026-08-08 01:53:59.557345+00:00,2026-08-08 01:53:59.557345+00:00
805,연성대학교,,,,,,2026-08-08 01:53:59.557345+00:00,2026-08-08 01:53:59.557345+00:00
806,연세대학교,,,,,,2026-08-08 01:53:59.557345+00:00,2026-08-08 01:53:59.557345+00:00
807,연합뉴스,,,,,,2026-08-08 01:53:59.557345+00:00,2026-08-08 01:53:59.557345+00:00
808,영미산업,,,,,,2026-08-08 01:53:59.557345+00:00,2026-08-08 01:53:59.557345+00:00
809,예스퓨처,,,,,,2026-08-08 01:53:59.557345+00:00,2026-08-08 01:53:59.557345+00:00
810,예우당에프에스,,,,,,2026-08-08 01:53:59.557345+00:00,2026-08-08 01:53:59.557345+00:00
811,오뚜기,,,,,,2026-08-08 01:53:59.557345+00:00,2026-08-08 01:53:59.557345+00:00
812,오렌지마트,,,,,,2026-08-08 01:53:59.557345+00:00,2026-08-08 01:53:59.557345+00:00
813,오팔,,,,,,2026-08-08 01:53:59.557345+00:00,2026-08-08 01:53:59.557345+00:00
814,온누리인터내셔널,,,,,,2026-08-08 01:53:59.557345+00:00,2026-08-08 01:53:59.557345+00:00
815,온포인트,,,,,,2026-08-08 01:53:59.557345+00:00,2026-08-08 01:53:59.557345+00:00
816,올다인,,,,,,2026-08-08 01:53:59.557345+00:00,2026-08-08 01:53:59.557345+00:00
817,올투딜리셔스,,,,,,2026-08-08 01:53:59.557345+00:00,2026-08-08 01:53:59.557345+00:00
818,와밀,,,,,,2026-08-08 01:53:59.557345+00:00,2026-08-08 01:53:59.557345+00:00
819,완도물산영어조합법인,,,,,,2026-08-08 01:53:59.557345+00:00,2026-08-08 01:53:59.557345+00:00
820,월드쥬스,,,,,,2026-08-08 01:53:59.557345+00:00,2026-08-08 01:53:59.557345+00:00
821,웨이브라이프스타일테크,,,,,,2026-08-08 01:53:59.557345+00:00,2026-08-08 01:53:59.557345+00:00
822,웰스프링,,,,,,2026-08-08 01:53:59.557345+00:00,2026-08-08 01:53:59.557345+00:00
823,위노베이션,,,,,,2026-08-08 01:53:59.557345+00:00,2026-08-08 01:53:59.557345+00:00
824,위대한쇼맨,,,,,,2026-08-08 01:53:59.557345+00:00,2026-08-08 01:53:59.557345+00:00
825,윙잇,,,,,,2026-08-08 01:53:59.557345+00:00,2026-08-08 01:53:59.557345+00:00
826,유기농산,,,,,,2026-08-08 01:53:59.557345+00:00,2026-08-08 01:53:59.557345+00:00
827,유니베라,,,,,,2026-08-08 01:53:59.557345+00:00,2026-08-08 01:53:59.557345+00:00
828,유럽 KIST,,,,,,2026-08-08 01:53:59.557345+00:00,2026-08-08 01:53:59.557345+00:00
829,유로팜스,,,,,,2026-08-08 01:53:59.557345+00:00,2026-08-08 01:53:59.557345+00:00
830,유앤아이투어,,,,,,2026-08-08 01:53:59.557345+00:00,2026-08-08 01:53:59.557345+00:00
831,유에프유헬스,,,,,,2026-08-08 01:53:59.557345+00:00,2026-08-08 01:53:59.557345+00:00
832,유인컴퍼니,,,,,,2026-08-08 01:53:59.557345+00:00,2026-08-08 01:53:59.557345+00:00
833,유프러스건설,,,,,,2026-08-08 01:53:59.557345+00:00,2026-08-08 01:53:59.557345+00:00
834,응용바이오공학부,,,,,,2026-08-08 01:53:59.557345+00:00,2026-08-08 01:53:59.557345+00:00
835,이룸손해사정,,,,,,2026-08-08 01:53:59.557345+00:00,2026-08-08 01:53:59.557345+00:00
836,이룸아산스마트밸리,,,,,,2026-08-08 01:53:59.557345+00:00,2026-08-08 01:53:59.557345+00:00
837,이마트,,,,,,2026-08-08 01:53:59.557345+00:00,2026-08-08 01:53:59.557345+00:00
838,이밥차,,,,,,2026-08-08 01:53:59.557345+00:00,2026-08-08 01:53:59.557345+00:00
839,이완스튜디오,,,,,,2026-08-08 01:53:59.557345+00:00,2026-08-08 01:53:59.557345+00:00
840,이포에이,,,,,,2026-08-08 01:53:59.557345+00:00,2026-08-08 01:53:59.557345+00:00
841,이화여자대학교,,,,,,2026-08-08 01:53:59.557345+00:00,2026-08-08 01:53:59.557345+00:00
842,인덕식품,,,,,,2026-08-08 01:53:59.557345+00:00,2026-08-08 01:53:59.557345+00:00
843,인라이트벤처스,,,,,,2026-08-08 01:53:59.557345+00:00,2026-08-08 01:53:59.557345+00:00
844,인사이트플랫폼,,,,,,2026-08-08 01:53:59.557345+00:00,2026-08-08 01:53:59.557345+00:00
845,인정에프앤비,,,,,,2026-08-08 01:53:59.557345+00:00,2026-08-08 01:53:59.557345+00:00
846,인크레더블,,,,,,2026-08-08 01:53:59.557345+00:00,2026-08-08 01:53:59.557345+00:00
847,인테이크,,,,,,2026-08-08 01:53:59.557345+00:00,2026-08-08 01:53:59.557345+00:00
848,일동바이오사이언스,,,,,,2026-08-08 01:53:59.557345+00:00,2026-08-08 01:53:59.557345+00:00
849,일동제약,,,,,,2026-08-08 01:53:59.557345+00:00,2026-08-08 01:53:59.557345+00:00
850,잇더컴퍼니,,,,,,2026-08-08 01:53:59.557345+00:00,2026-08-08 01:53:59.557345+00:00
851,잇마플,,,,,,2026-08-08 01:53:59.557345+00:00,2026-08-08 01:53:59.557345+00:00
852,자연의모든것,,,,,,2026-08-08 01:53:59.557345+00:00,2026-08-08 01:53:59.557345+00:00
853,자유전공학부,,,,,,2026-08-08 01:53:59.557345+00:00,2026-08-08 01:53:59.557345+00:00
854,장루하,,,,,,2026-08-08 01:53:59.557345+00:00,2026-08-08 01:53:59.557345+00:00
855,재호식품,,,,,,2026-08-08 01:53:59.557345+00:00,2026-08-08 01:53:59.557345+00:00
856,전) 그래핀스퀘어,,,,,,2026-08-08 01:53:59.557345+00:00,2026-08-08 01:53:59.557345+00:00
857,전) 신세계푸드,,,,,,2026-08-08 01:53:59.557345+00:00,2026-08-08 01:53:59.557345+00:00
858,전) 야놀자에프앤비솔루션,,,,,,2026-08-08 01:53:59.557345+00:00,2026-08-08 01:53:59.557345+00:00
859,전) 토기,,,,,,2026-08-08 01:53:59.557345+00:00,2026-08-08 01:53:59.557345+00:00
860,전) 프레시지,,,,,,2026-08-08 01:53:59.557345+00:00,2026-08-08 01:53:59.557345+00:00
861,전)라트바이오,,,,,,2026-08-08 01:53:59.557345+00:00,2026-08-08 01:53:59.557345+00:00
862,전)제주맥주,,,,,,2026-08-08 01:53:59.557345+00:00,2026-08-08 01:53:59.557345+00:00
863,전)환희컴퍼니,,,,,,2026-08-08 01:53:59.557345+00:00,2026-08-08 01:53:59.557345+00:00
864,전남대학교,,,,,,2026-08-08 01:53:59.557345+00:00,2026-08-08 01:53:59.557345+00:00
865,전북대학교,,,,,,2026-08-08 01:53:59.557345+00:00,2026-08-08 01:53:59.557345+00:00
866,제니스 코리아,,,,,,2026-08-08 01:53:59.557345+00:00,2026-08-08 01:53:59.557345+00:00
867,제로앱솔루,,,,,,2026-08-08 01:53:59.557345+00:00,2026-08-08 01:53:59.557345+00:00
868,제이디마블러스,,,,,,2026-08-08 01:53:59.557345+00:00,2026-08-08 01:53:59.557345+00:00
869,제이씨월드,,,,,,2026-08-08 01:53:59.557345+00:00,2026-08-08 01:53:59.557345+00:00
870,제이에프에프,,,,,,2026-08-08 01:53:59.557345+00:00,2026-08-08 01:53:59.557345+00:00
871,제주맥주,,,,,,2026-08-08 01:53:59.557345+00:00,2026-08-08 01:53:59.557345+00:00
872,제주테크노파크 바이오융합센터 연구원,,,,,,2026-08-08 01:53:59.557345+00:00,2026-08-08 01:53:59.557345+00:00
873,제테마 대표,,,,,,2026-08-08 01:53:59.557345+00:00,2026-08-08 01:53:59.557345+00:00
874,조경지역시스템공학부,,,,,,2026-08-08 01:53:59.557345+00:00,2026-08-08 01:53:59.557345+00:00
875,조선비즈,,,,,,2026-08-08 01:53:59.557345+00:00,2026-08-08 01:53:59.557345+00:00
876,조이,,,,,,2026-08-08 01:53:59.557345+00:00,2026-08-08 01:53:59.557345+00:00
877,조인앤조인,,,,,,2026-08-08 01:53:59.557345+00:00,2026-08-08 01:53:59.557345+00:00
878,조흥,,,,,,2026-08-08 01:53:59.557345+00:00,2026-08-08 01:53:59.557345+00:00
879,좋은영농조합법인,,,,,,2026-08-08 01:53:59.557345+00:00,2026-08-08 01:53:59.557345+00:00
880,주식회사 유니언하우스,,,,,,2026-08-08 01:53:59.557345+00:00,2026-08-08 01:53:59.557345+00:00
881,중앙대학교,,,,,,2026-08-08 01:53:59.557345+00:00,2026-08-08 01:53:59.557345+00:00
882,중앙일보,,,,,,2026-08-08 01:53:59.557345+00:00,2026-08-08 01:53:59.557345+00:00
883,지구인컴퍼니,,,,,,2026-08-08 01:53:59.557345+00:00,2026-08-08 01:53:59.557345+00:00
884,지능정보융합학과,,,,,,2026-08-08 01:53:59.557345+00:00,2026-08-08 01:53:59.557345+00:00
885,지니너스,,,,,,2026-08-08 01:53:59.557345+00:00,2026-08-08 01:53:59.557345+00:00
886,지메이코리아,,,,,,2026-08-08 01:53:59.557345+00:00,2026-08-08 01:53:59.557345+00:00
887,지브레인,,,,,,2026-08-08 01:53:59.557345+00:00,2026-08-08 01:53:59.557345+00:00
888,지에스씨알오,,,,,,2026-08-08 01:53:59.557345+00:00,2026-08-08 01:53:59.557345+00:00
889,지엠에프,,,,,,2026-08-08 01:53:59.557345+00:00,2026-08-08 01:53:59.557345+00:00
890,지역정보학과,,,,,,2026-08-08 01:53:59.557345+00:00,2026-08-08 01:53:59.557345+00:00
891,진성에프엠,,,,,,2026-08-08 01:53:59.557345+00:00,2026-08-08 01:53:59.557345+00:00
892,진아에프앤씨,,,,,,2026-08-08 01:53:59.557345+00:00,2026-08-08 01:53:59.557345+00:00
893,청춘에프앤비,,,,,,2026-08-08 01:53:59.557345+00:00,2026-08-08 01:53:59.557345+00:00
894,초록푸드시스템,,,,,,2026-08-08 01:53:59.557345+00:00,2026-08-08 01:53:59.557345+00:00
895,충남대학교,,,,,,2026-08-08 01:53:59.557345+00:00,2026-08-08 01:53:59.557345+00:00
896,충북대학교,,,,,,2026-08-08 01:54:00.547404+00:00,2026-08-08 01:54:00.547404+00:00
897,카멜로테크,,,,,,2026-08-08 01:54:00.547404+00:00,2026-08-08 01:54:00.547404+00:00
898,카카오헬스케어,,,,,,2026-08-08 01:54:00.547404+00:00,2026-08-08 01:54:00.547404+00:00
899,캐리힐에프엔비,,,,,,2026-08-08 01:54:00.547404+00:00,2026-08-08 01:54:00.547404+00:00
900,커피에반하다,,,,,,2026-08-08 01:54:00.547404+00:00,2026-08-08 01:54:00.547404+00:00
901,케어원,,,,,,2026-08-08 01:54:00.547404+00:00,2026-08-08 01:54:00.547404+00:00
902,케어플래너,,,,,,2026-08-08 01:54:00.547404+00:00,2026-08-08 01:54:00.547404+00:00
903,케이알컴퍼니,,,,,,2026-08-08 01:54:00.547404+00:00,2026-08-08 01:54:00.547404+00:00
904,코리아소프트,,,,,,2026-08-08 01:54:00.547404+00:00,2026-08-08 01:54:00.547404+00:00
905,코어솔루션,,,,,,2026-08-08 01:54:00.547404+00:00,2026-08-08 01:54:00.547404+00:00
906,코엑스,,,,,,2026-08-08 01:54:00.547404+00:00,2026-08-08 01:54:00.547404+00:00
907,콤파스링크,,,,,,2026-08-08 01:54:00.547404+00:00,2026-08-08 01:54:00.547404+00:00
908,크레비스파트너스,,,,,,2026-08-08 01:54:00.547404+00:00,2026-08-08 01:54:00.547404+00:00
909,키로스벤처투자,,,,,,2026-08-08 01:54:00.547404+00:00,2026-08-08 01:54:00.547404+00:00
910,탑테이블,,,,,,2026-08-08 01:54:00.547404+00:00,2026-08-08 01:54:00.547404+00:00
911,태웅식품,,,,,,2026-08-08 01:54:00.547404+00:00,2026-08-08 01:54:00.547404+00:00
912,테이블스케이프,,,,,,2026-08-08 01:54:00.547404+00:00,2026-08-08 01:54:00.547404+00:00
913,토기,,,,,,2026-08-08 01:54:00.547404+00:00,2026-08-08 01:54:00.547404+00:00
914,투바이프롬,,,,,,2026-08-08 01:54:00.547404+00:00,2026-08-08 01:54:00.547404+00:00
915,투쓰리세븐,,,,,,2026-08-08 01:54:00.547404+00:00,2026-08-08 01:54:00.547404+00:00
916,특허청 산업재산보호협력국장,,,,,,2026-08-08 01:54:00.547404+00:00,2026-08-08 01:54:00.547404+00:00
917,티엠정보통신,,,,,,2026-08-08 01:54:00.547404+00:00,2026-08-08 01:54:00.547404+00:00
918,파스토,,,,,,2026-08-08 01:54:00.547404+00:00,2026-08-08 01:54:00.547404+00:00
919,파이토리서치,,,,,,2026-08-08 01:54:00.547404+00:00,2026-08-08 01:54:00.547404+00:00
920,팜킷,,,,,,2026-08-08 01:54:00.547404+00:00,2026-08-08 01:54:00.547404+00:00
921,팡세,,,,,,2026-08-08 01:54:00.547404+00:00,2026-08-08 01:54:00.547404+00:00
922,팥알,,,,,,2026-08-08 01:54:00.547404+00:00,2026-08-08 01:54:00.547404+00:00
923,평창약초,,,,,,2026-08-08 01:54:00.547404+00:00,2026-08-08 01:54:00.547404+00:00
924,포스코인터내셔널,,,,,,2026-08-08 01:54:00.547404+00:00,2026-08-08 01:54:00.547404+00:00
925,포스코홀딩스,,,,,,2026-08-08 01:54:00.547404+00:00,2026-08-08 01:54:00.547404+00:00
926,포프리,,,,,,2026-08-08 01:54:00.547404+00:00,2026-08-08 01:54:00.547404+00:00
927,포항공과대학교(POSTECH),,,,,,2026-08-08 01:54:00.547404+00:00,2026-08-08 01:54:00.547404+00:00
928,푸드서플라이,,,,,,2026-08-08 01:54:00.547404+00:00,2026-08-08 01:54:00.547404+00:00
929,푸드올마켓,,,,,,2026-08-08 01:54:00.547404+00:00,2026-08-08 01:54:00.547404+00:00
930,푸디랩,,,,,,2026-08-08 01:54:00.547404+00:00,2026-08-08 01:54:00.547404+00:00
931,푸디온투어,,,,,,2026-08-08 01:54:00.547404+00:00,2026-08-08 01:54:00.547404+00:00
932,푸디토리,,,,,,2026-08-08 01:54:00.547404+00:00,2026-08-08 01:54:00.547404+00:00
933,풀무원,,,,,,2026-08-08 01:54:00.547404+00:00,2026-08-08 01:54:00.547404+00:00
934,퓨리움,,,,,,2026-08-08 01:54:00.547404+00:00,2026-08-08 01:54:00.547404+00:00
935,퓨어,,,,,,2026-08-08 01:54:00.547404+00:00,2026-08-08 01:54:00.547404+00:00
936,퓨어세라,,,,,,2026-08-08 01:54:00.547404+00:00,2026-08-08 01:54:00.547404+00:00
937,프레드,,,,,,2026-08-08 01:54:00.547404+00:00,2026-08-08 01:54:00.547404+00:00
938,프로텍,,,,,,2026-08-08 01:54:00.547404+00:00,2026-08-08 01:54:00.547404+00:00
939,플랜에이컴퍼니,,,,,,2026-08-08 01:54:00.547404+00:00,2026-08-08 01:54:00.547404+00:00
940,피부과학교실,,,,,,2026-08-08 01:54:00.547404+00:00,2026-08-08 01:54:00.547404+00:00
941,피씨에이치캐피탈파트너스,,,,,,2026-08-08 01:54:00.547404+00:00,2026-08-08 01:54:00.547404+00:00
942,피지엠,,,,,,2026-08-08 01:54:00.547404+00:00,2026-08-08 01:54:00.547404+00:00
943,피플즈리그,,,,,,2026-08-08 01:54:00.547404+00:00,2026-08-08 01:54:00.547404+00:00
944,필로메디,,,,,,2026-08-08 01:54:00.547404+00:00,2026-08-08 01:54:00.547404+00:00
945,하나금융투자,,,,,,2026-08-08 01:54:00.547404+00:00,2026-08-08 01:54:00.547404+00:00
946,하이청 팜,,,,,,2026-08-08 01:54:00.547404+00:00,2026-08-08 01:54:00.547404+00:00
947,한경기획,,,,,,2026-08-08 01:54:00.547404+00:00,2026-08-08 01:54:00.547404+00:00
948,한경대 석좌교수,,,,,,2026-08-08 01:54:00.547404+00:00,2026-08-08 01:54:00.547404+00:00
949,한국경제TV,,,,,,2026-08-08 01:54:00.547404+00:00,2026-08-08 01:54:00.547404+00:00
950,한국경제신문,,,,,,2026-08-08 01:54:00.547404+00:00,2026-08-08 01:54:00.547404+00:00
951,한국과학기술원,,,,,,2026-08-08 01:54:00.547404+00:00,2026-08-08 01:54:00.547404+00:00
952,한국과학기술원(KAIST),,,,,,2026-08-08 01:54:00.547404+00:00,2026-08-08 01:54:00.547404+00:00
953,한국교통대학교,,,,,,2026-08-08 01:54:00.547404+00:00,2026-08-08 01:54:00.547404+00:00
954,한국귀농귀촌치유산업진흥원,,,,,,2026-08-08 01:54:00.547404+00:00,2026-08-08 01:54:00.547404+00:00
955,한국농수산식품유통공사,,,,,,2026-08-08 01:54:00.547404+00:00,2026-08-08 01:54:00.547404+00:00
956,한국농식품벤처투자협회,,,,,,2026-08-08 01:54:00.547404+00:00,2026-08-08 01:54:00.547404+00:00
957,한국농업기술진흥원,,,,,,2026-08-08 01:54:00.547404+00:00,2026-08-08 01:54:00.547404+00:00
958,한국로보틱스,,,,,,2026-08-08 01:54:00.547404+00:00,2026-08-08 01:54:00.547404+00:00
959,한국방송공사(KBS)/한국과학기자협회,,,,,,2026-08-08 01:54:00.547404+00:00,2026-08-08 01:54:00.547404+00:00
960,한국식품과학연구원,,,,,,2026-08-08 01:54:00.547404+00:00,2026-08-08 01:54:00.547404+00:00
961,한국식품산업클러스터진흥원,,,,,,2026-08-08 01:54:00.547404+00:00,2026-08-08 01:54:00.547404+00:00
962,한국식품산업협회,,,,,,2026-08-08 01:54:00.547404+00:00,2026-08-08 01:54:00.547404+00:00
963,한국식품연구원,,,,,,2026-08-08 01:54:00.547404+00:00,2026-08-08 01:54:00.547404+00:00
964,한국야쿠르트,,,,,,2026-08-08 01:54:00.547404+00:00,2026-08-08 01:54:00.547404+00:00
965,한국원자력연구소 첨단 방사선 연구소,,,,,,2026-08-08 01:54:00.547404+00:00,2026-08-08 01:54:00.547404+00:00
966,한국청년스타트업협회,,,,,,2026-08-08 01:54:00.547404+00:00,2026-08-08 01:54:00.547404+00:00
967,한국화학융합시험연구원,,,,,,2026-08-08 01:54:00.547404+00:00,2026-08-08 01:54:00.547404+00:00
968,한림대학교,,,,,,2026-08-08 01:54:00.547404+00:00,2026-08-08 01:54:00.547404+00:00
969,한불화농,,,,,,2026-08-08 01:54:00.547404+00:00,2026-08-08 01:54:00.547404+00:00
970,한성영농조합법인,,,,,,2026-08-08 01:54:00.547404+00:00,2026-08-08 01:54:00.547404+00:00
971,한솔루트원,,,,,,2026-08-08 01:54:00.547404+00:00,2026-08-08 01:54:00.547404+00:00
972,한울농업회사법인,,,,,,2026-08-08 01:54:00.547404+00:00,2026-08-08 01:54:00.547404+00:00
973,한윤 법률사무소,,,,,,2026-08-08 01:54:00.547404+00:00,2026-08-08 01:54:00.547404+00:00
974,한중미예술인협회,,,,,,2026-08-08 01:54:00.547404+00:00,2026-08-08 01:54:00.547404+00:00
975,한화그룹/아워홈,,,,,,2026-08-08 01:54:00.547404+00:00,2026-08-08 01:54:00.547404+00:00
976,해양수산과학기술진흥원,,,,,,2026-08-08 01:54:00.547404+00:00,2026-08-08 01:54:00.547404+00:00
977,해양수산부,,,,,,2026-08-08 01:54:00.547404+00:00,2026-08-08 01:54:00.547404+00:00
978,해양수산부 국제협력정책관,,,,,,2026-08-08 01:54:00.547404+00:00,2026-08-08 01:54:00.547404+00:00
979,해피콤,,,,,,2026-08-08 01:54:00.547404+00:00,2026-08-08 01:54:00.547404+00:00
980,홍콩대학교,,,,,,2026-08-08 01:54:00.547404+00:00,2026-08-08 01:54:00.547404+00:00
981,화인향료,,,,,,2026-08-08 01:54:00.547404+00:00,2026-08-08 01:54:00.547404+00:00
982,화학부,,,,,,2026-08-08 01:54:00.547404+00:00,2026-08-08 01:54:00.547404+00:00
983,화학생물공학부,,,,,,2026-08-08 01:54:00.547404+00:00,2026-08-08 01:54:00.547404+00:00
984,환경보건기술연구원,,,,,,2026-08-08 01:54:00.547404+00:00,2026-08-08 01:54:00.547404+00:00
985,환경재료과학,,,,,,2026-08-08 01:54:00.547404+00:00,2026-08-08 01:54:00.547404+00:00
986,황제농업회사법인,,,,,,2026-08-08 01:54:00.547404+00:00,2026-08-08 01:54:00.547404+00:00
987,회사 및 직책,,,,,,2026-08-08 01:54:00.547404+00:00,2026-08-08 01:54:00.547404+00:00
988,효사랑 가족요양병원,,,,,,2026-08-08 01:54:00.547404+00:00,2026-08-08 01:54:00.547404+00:00
989,히어로봇,,,,,,2026-08-08 01:54:00.547404+00:00,2026-08-08 01:54:00.547404+00:00
990,힘난다,,,,,,2026-08-08 01:54:00.547404+00:00,2026-08-08 01:54:00.547404+00:00
991,(미국) 메사추세츠주립대학교 의과대학,,,,,,2026-08-08 02:14:53.013571+00:00,2026-08-08 02:14:53.013571+00:00
992,(미국) 캘리포니아대학교 기계항공공학과,,,,,,2026-08-08 02:14:53.013571+00:00,2026-08-08 02:14:53.013571+00:00
993,(벨기에) EIT Food,,,,,,2026-08-08 02:14:53.013571+00:00,2026-08-08 02:14:53.013571+00:00
994,(싱가포르) 난양공과대학교,,,,,,2026-08-08 02:14:53.013571+00:00,2026-08-08 02:14:53.013571+00:00
995,(아랍에미리트) Healthy Innovations Technology Investments Limited (HITI),,,,,,2026-08-08 02:14:53.013571+00:00,2026-08-08 02:14:53.013571+00:00
996,(일본)SLC,,,,,,2026-08-08 02:14:53.013571+00:00,2026-08-08 02:14:53.013571+00:00
997,(재)춘천바이오산업진흥원 생물소재연구소,,,,,,2026-08-08 02:14:53.013571+00:00,2026-08-08 02:14:53.013571+00:00
998,(전)KT,,,,,,2026-08-08 02:14:53.013571+00:00,2026-08-08 02:14:53.013571+00:00
999,(전)포항공과대학교,,,,,,2026-08-08 02:14:53.013571+00:00,2026-08-08 02:14:53.013571+00:00
1000,ASC KOREA,,,,,,2026-08-08 02:14:53.013571+00:00,2026-08-08 02:14:53.013571+00:00
1001,ASC수산양식관리협의회,,,,,,2026-08-08 02:14:53.013571+00:00,2026-08-08 02:14:53.013571+00:00
1002,Agricultural Engineering Research Institute (AEnRI) (이집트),,,,,,2026-08-08 02:14:53.013571+00:00,2026-08-08 02:14:53.013571+00:00
1003,Business Development (Fraunhofer IGD),,,,,,2026-08-08 02:14:53.013571+00:00,2026-08-08 02:14:53.013571+00:00
1004,CJ 제일제당,,,,,,2026-08-08 02:14:53.013571+00:00,2026-08-08 02:14:53.013571+00:00
1005,CJ씨푸드,,,,,,2026-08-08 02:14:53.013571+00:00,2026-08-08 02:14:53.013571+00:00
1006,CJ제일제당 Bio-TN-Application Tech,,,,,,2026-08-08 02:14:53.013571+00:00,2026-08-08 02:14:53.013571+00:00
1007,CJ제일제당 R&D,,,,,,2026-08-08 02:14:53.013571+00:00,2026-08-08 02:14:53.013571+00:00
1008,CJ프레시웨이,,,,,,2026-08-08 02:14:53.013571+00:00,2026-08-08 02:14:53.013571+00:00
1009,Customer Marketing Greater Asia,,,,,,2026-08-08 02:14:53.013571+00:00,2026-08-08 02:14:53.013571+00:00
1010,"Dennis Hong University of California, Los Angeles",,,,,,2026-08-08 02:14:53.013571+00:00,2026-08-08 02:14:53.013571+00:00
1011,GFI,,,,,,2026-08-08 02:14:53.013571+00:00,2026-08-08 02:14:53.013571+00:00
1012,GFI APAC,,,,,,2026-08-08 02:14:53.013571+00:00,2026-08-08 02:14:53.013571+00:00
1013,GGGI,,,,,,2026-08-08 02:14:53.013571+00:00,2026-08-08 02:14:53.013571+00:00
1014,GS네트웍스,,,,,,2026-08-08 02:14:53.013571+00:00,2026-08-08 02:14:53.013571+00:00
1015,GS리테일,,,,,,2026-08-08 02:14:53.013571+00:00,2026-08-08 02:14:53.013571+00:00
1016,GS리테일 플랫폼BU,,,,,,2026-08-08 02:14:53.013571+00:00,2026-08-08 02:14:53.013571+00:00
1017,GS사원식당,,,,,,2026-08-08 02:14:53.013571+00:00,2026-08-08 02:14:53.013571+00:00
1018,Good Food Institute,,,,,,2026-08-08 02:14:53.013571+00:00,2026-08-08 02:14:53.013571+00:00
1019,HITI Fund,,,,,,2026-08-08 02:14:53.013571+00:00,2026-08-08 02:14:53.013571+00:00
1020,Healthy Innovations Technology Investment,,,,,,2026-08-08 02:14:53.013571+00:00,2026-08-08 02:14:53.013571+00:00
1021,IT조선,,,,,,2026-08-08 02:14:53.013571+00:00,2026-08-08 02:14:53.013571+00:00
1022,KAIST,,,,,,2026-08-08 02:14:53.013571+00:00,2026-08-08 02:14:53.013571+00:00
1023,KAIST 전산학부,,,,,,2026-08-08 02:14:53.013571+00:00,2026-08-08 02:14:53.013571+00:00
1024,KBS,,,,,,2026-08-08 02:14:53.013571+00:00,2026-08-08 02:14:53.013571+00:00
1025,KCL,,,,,,2026-08-08 02:14:53.013571+00:00,2026-08-08 02:14:53.013571+00:00
1026,KMI,,,,,,2026-08-08 02:14:53.013571+00:00,2026-08-08 02:14:53.013571+00:00
1027,KOTITI,,,,,,2026-08-08 02:14:53.013571+00:00,2026-08-08 02:14:53.013571+00:00
1028,KOTITI 시험연구원,,,,,,2026-08-08 02:14:53.013571+00:00,2026-08-08 02:14:53.013571+00:00
1029,KPMG삼정,,,,,,2026-08-08 02:14:53.013571+00:00,2026-08-08 02:14:53.013571+00:00
1030,KT AI Robot,,,,,,2026-08-08 02:14:53.013571+00:00,2026-08-08 02:14:53.013571+00:00
1031,KT 융합기술원,,,,,,2026-08-08 02:14:53.013571+00:00,2026-08-08 02:14:53.013571+00:00
1032,KT&G,,,,,,2026-08-08 02:14:53.013571+00:00,2026-08-08 02:14:53.013571+00:00
1033,KTR,,,,,,2026-08-08 02:14:53.013571+00:00,2026-08-08 02:14:53.013571+00:00
1034,LG전자 HS기술전략,,,,,,2026-08-08 02:14:53.013571+00:00,2026-08-08 02:14:53.013571+00:00
1035,LG전자 키친연구소,,,,,,2026-08-08 02:14:53.013571+00:00,2026-08-08 02:14:53.013571+00:00
1036,MFM (방글라데시),,,,,,2026-08-08 02:14:53.013571+00:00,2026-08-08 02:14:53.013571+00:00
1037,MIT,,,,,,2026-08-08 02:14:53.013571+00:00,2026-08-08 02:14:53.013571+00:00
1038,Massachusetts Institute of Technology,,,,,,2026-08-08 02:14:53.013571+00:00,2026-08-08 02:14:53.013571+00:00
1039,Mind AI,,,,,,2026-08-08 02:14:53.013571+00:00,2026-08-08 02:14:53.013571+00:00
1040,NSF,,,,,,2026-08-08 02:14:53.013571+00:00,2026-08-08 02:14:53.013571+00:00
1041,Nanyang Technological University,,,,,,2026-08-08 02:14:53.013571+00:00,2026-08-08 02:14:53.013571+00:00
1042,Osaka University,,,,,,2026-08-08 02:14:53.013571+00:00,2026-08-08 02:14:53.013571+00:00
1043,Queensland 대학,,,,,,2026-08-08 02:14:53.013571+00:00,2026-08-08 02:14:53.013571+00:00
1044,SBA 서울창업허브,,,,,,2026-08-08 02:14:53.013571+00:00,2026-08-08 02:14:53.013571+00:00
1045,SGI시스템,,,,,,2026-08-08 02:14:53.013571+00:00,2026-08-08 02:14:53.013571+00:00
1046,SK 텔레콤,,,,,,2026-08-08 02:14:53.013571+00:00,2026-08-08 02:14:53.013571+00:00
1047,SKT,,,,,,2026-08-08 02:14:53.013571+00:00,2026-08-08 02:14:53.013571+00:00
1048,SK텔레콤,,,,,,2026-08-08 02:14:53.013571+00:00,2026-08-08 02:14:53.013571+00:00
1049,SPC 삼립,,,,,,2026-08-08 02:14:53.013571+00:00,2026-08-08 02:14:53.013571+00:00
1050,SPC 삼립 미래전략BU,,,,,,2026-08-08 02:14:53.013571+00:00,2026-08-08 02:14:53.013571+00:00
1051,SPC 섹터나인,,,,,,2026-08-08 02:14:53.013571+00:00,2026-08-08 02:14:53.013571+00:00
1052,Stealth AI,,,,,,2026-08-08 02:14:53.013571+00:00,2026-08-08 02:14:53.013571+00:00
1053,UCLA,,,,,,2026-08-08 02:14:53.013571+00:00,2026-08-08 02:14:53.013571+00:00
1054,UCLA 로봇매커니즘연구소,,,,,,2026-08-08 02:14:53.013571+00:00,2026-08-08 02:14:53.013571+00:00
1055,UCLA 로봇메커니즘연구소,,,,,,2026-08-08 02:14:53.013571+00:00,2026-08-08 02:14:53.013571+00:00
1056,UMASS,,,,,,2026-08-08 02:14:53.013571+00:00,2026-08-08 02:14:53.013571+00:00
1057,UNIDO,,,,,,2026-08-08 02:14:53.013571+00:00,2026-08-08 02:14:53.013571+00:00
1058,UNIDO ITPO,,,,,,2026-08-08 02:14:53.013571+00:00,2026-08-08 02:14:53.013571+00:00
1059,UNIDO ITPO Korea Office,,,,,,2026-08-08 02:14:53.013571+00:00,2026-08-08 02:14:53.013571+00:00
1060,UNIDO Mongolia Office,,,,,,2026-08-08 02:14:53.013571+00:00,2026-08-08 02:14:53.013571+00:00
1061,UNIDO Vietnam Office,,,,,,2026-08-08 02:14:53.013571+00:00,2026-08-08 02:14:53.013571+00:00
1062,UNIDO 한국투자진흥사무소,,,,,,2026-08-08 02:14:53.013571+00:00,2026-08-08 02:14:53.013571+00:00
1063,"UNIDO, 중국",,,,,,2026-08-08 02:14:53.013571+00:00,2026-08-08 02:14:53.013571+00:00
1064,UN산업개발기구,,,,,,2026-08-08 02:14:53.013571+00:00,2026-08-08 02:14:53.013571+00:00
1065,UN산업개발기구(UNIDO),,,,,,2026-08-08 02:14:53.013571+00:00,2026-08-08 02:14:53.013571+00:00
1066,Vietnam Foods,,,,,,2026-08-08 02:14:53.013571+00:00,2026-08-08 02:14:53.013571+00:00
1067,XYZ,,,,,,2026-08-08 02:14:53.013571+00:00,2026-08-08 02:14:53.013571+00:00
1068,aT,,,,,,2026-08-08 02:14:53.013571+00:00,2026-08-08 02:14:53.013571+00:00
1069,가천대학교 식품영양학과,,,,,,2026-08-08 02:14:53.013571+00:00,2026-08-08 02:14:53.013571+00:00
1070,가톨릭대학교 생명공학과,,,,,,2026-08-08 02:14:53.013571+00:00,2026-08-08 02:14:53.013571+00:00
1071,강릉원주대학교,,,,,,2026-08-08 02:14:53.013571+00:00,2026-08-08 02:14:53.013571+00:00
1072,강선초등학교,,,,,,2026-08-08 02:14:53.013571+00:00,2026-08-08 02:14:53.013571+00:00
1073,강원도곤충산업센터,,,,,,2026-08-08 02:14:53.013571+00:00,2026-08-08 02:14:53.013571+00:00
1074,건양대학교 AI융합스마트농업연구소,,,,,,2026-08-08 02:14:53.013571+00:00,2026-08-08 02:14:53.013571+00:00
1075,겐트대학교,,,,,,2026-08-08 02:14:53.013571+00:00,2026-08-08 02:14:53.013571+00:00
1076,경기도농수산진흥원,,,,,,2026-08-08 02:14:53.013571+00:00,2026-08-08 02:14:53.013571+00:00
1077,경기도청 농식품유통과,,,,,,2026-08-08 02:14:53.013571+00:00,2026-08-08 02:14:53.013571+00:00
1078,경기연구원,,,,,,2026-08-08 02:14:53.013571+00:00,2026-08-08 02:14:53.013571+00:00
1079,경북경제진흥원,,,,,,2026-08-08 02:14:53.013571+00:00,2026-08-08 02:14:53.013571+00:00
1080,경북대학교 식품공학부,,,,,,2026-08-08 02:14:53.013571+00:00,2026-08-08 02:14:53.013571+00:00
1081,경북대학교기술지주,,,,,,2026-08-08 02:14:53.013571+00:00,2026-08-08 02:14:53.013571+00:00
1082,경북도청 식품의학과,,,,,,2026-08-08 02:14:53.013571+00:00,2026-08-08 02:14:53.013571+00:00
1083,경북테크노파크,,,,,,2026-08-08 02:14:53.013571+00:00,2026-08-08 02:14:53.013571+00:00
1084,경상북도,,,,,,2026-08-08 02:14:53.013571+00:00,2026-08-08 02:14:53.013571+00:00
1085,경상북도경제진흥원,,,,,,2026-08-08 02:14:53.013571+00:00,2026-08-08 02:14:53.013571+00:00
1086,경희대 푸드테크학과,,,,,,2026-08-08 02:14:53.013571+00:00,2026-08-08 02:14:53.013571+00:00
1087,경희대학교 푸드테크학과,,,,,,2026-08-08 02:14:53.013571+00:00,2026-08-08 02:14:53.013571+00:00
1088,고려대학교 푸드테크학과,,,,,,2026-08-08 02:14:53.013571+00:00,2026-08-08 02:14:53.013571+00:00
1089,고위드,,,,,,2026-08-08 02:14:53.013571+00:00,2026-08-08 02:14:53.013571+00:00
1090,골든에이지파트너스,,,,,,2026-08-08 02:14:53.013571+00:00,2026-08-08 02:14:53.013571+00:00
1091,공주대학교,,,,,,2026-08-08 02:14:53.013571+00:00,2026-08-08 02:14:53.013571+00:00
1092,공주대학교 식품공학과,,,,,,2026-08-08 02:14:53.013571+00:00,2026-08-08 02:14:53.013571+00:00
1093,과천시,,,,,,2026-08-08 02:14:53.013571+00:00,2026-08-08 02:14:53.013571+00:00
1094,과천시의회,,,,,,2026-08-08 02:14:53.013571+00:00,2026-08-08 02:14:53.013571+00:00
1095,구글,,,,,,2026-08-08 02:14:53.013571+00:00,2026-08-08 02:14:53.013571+00:00
1096,구미전자정보기술원,,,,,,2026-08-08 02:14:53.013571+00:00,2026-08-08 02:14:53.013571+00:00
1097,국가과학기술자문회의,,,,,,2026-08-08 02:14:53.013571+00:00,2026-08-08 02:14:53.013571+00:00
1098,국가기술표준원,,,,,,2026-08-08 02:14:53.013571+00:00,2026-08-08 02:14:53.013571+00:00
1099,국립공업과학원,,,,,,2026-08-08 02:14:53.013571+00:00,2026-08-08 02:14:53.013571+00:00
1100,국립공주대,,,,,,2026-08-08 02:14:53.013571+00:00,2026-08-08 02:14:53.013571+00:00
1101,국립공주대학교(인도네시아),,,,,,2026-08-08 02:14:53.013571+00:00,2026-08-08 02:14:53.013571+00:00
1102,국립농업과학원,,,,,,2026-08-08 02:14:53.013571+00:00,2026-08-08 02:14:53.013571+00:00
1103,국립부경대학교,,,,,,2026-08-08 02:14:53.013571+00:00,2026-08-08 02:14:53.013571+00:00
1104,국립부경대학교 식품과학부,,,,,,2026-08-08 02:14:53.013571+00:00,2026-08-08 02:14:53.013571+00:00
1105,국립부경대학교 해양수산경영학과,,,,,,2026-08-08 02:14:53.013571+00:00,2026-08-08 02:14:53.013571+00:00
1106,국립수산과학원,,,,,,2026-08-08 02:14:53.013571+00:00,2026-08-08 02:14:53.013571+00:00
1107,국립식량과학원 작물기초기반과,,,,,,2026-08-08 02:14:53.013571+00:00,2026-08-08 02:14:53.013571+00:00
1108,그래핀스퀘어,,,,,,2026-08-08 02:14:53.013571+00:00,2026-08-08 02:14:53.013571+00:00
1109,그리코,,,,,,2026-08-08 02:14:53.013571+00:00,2026-08-08 02:14:53.013571+00:00
1110,글로벌스마트팜연구소,,,,,,2026-08-08 02:14:53.013571+00:00,2026-08-08 02:14:53.013571+00:00
1111,기획재정부,,,,,,2026-08-08 02:14:53.013571+00:00,2026-08-08 02:14:53.013571+00:00
1112,나주시,,,,,,2026-08-08 02:14:53.013571+00:00,2026-08-08 02:14:53.013571+00:00
1113,나주시 푸드테크추진단TF,,,,,,2026-08-08 02:14:53.013571+00:00,2026-08-08 02:14:53.013571+00:00
1114,나주시청,,,,,,2026-08-08 02:14:53.013571+00:00,2026-08-08 02:14:53.013571+00:00
1115,난양공과대,,,,,,2026-08-08 02:14:53.013571+00:00,2026-08-08 02:14:53.013571+00:00
1116,난양공과대학,,,,,,2026-08-08 02:14:53.013571+00:00,2026-08-08 02:14:53.013571+00:00
1117,난양공과대학교,,,,,,2026-08-08 02:14:53.013571+00:00,2026-08-08 02:14:53.013571+00:00
1118,난양공대,,,,,,2026-08-08 02:14:53.013571+00:00,2026-08-08 02:14:53.013571+00:00
1119,난양대학교,,,,,,2026-08-08 02:14:53.013571+00:00,2026-08-08 02:14:53.013571+00:00
1120,남양유업 마케팅전략본부,,,,,,2026-08-08 02:14:53.013571+00:00,2026-08-08 02:14:53.013571+00:00
1121,널담,,,,,,2026-08-08 02:14:53.013571+00:00,2026-08-08 02:14:53.013571+00:00
1122,네온테크,,,,,,2026-08-08 02:14:53.013571+00:00,2026-08-08 02:14:53.013571+00:00
1123,네이버클라우드,,,,,,2026-08-08 02:14:53.013571+00:00,2026-08-08 02:14:53.013571+00:00
1124,넥스트온,,,,,,2026-08-08 02:14:53.013571+00:00,2026-08-08 02:14:53.013571+00:00
1125,넥스트첼린지,,,,,,2026-08-08 02:14:53.013571+00:00,2026-08-08 02:14:53.013571+00:00
1126,노드큐어,,,,,,2026-08-08 02:14:53.013571+00:00,2026-08-08 02:14:53.013571+00:00
1127,노틸러스인베스트먼트,,,,,,2026-08-08 02:14:53.013571+00:00,2026-08-08 02:14:53.013571+00:00
1128,농림축산식품부,,,,,,2026-08-08 02:14:53.013571+00:00,2026-08-08 02:14:53.013571+00:00
1129,농림축산식품부 그린바이오산업팀,,,,,,2026-08-08 02:14:53.013571+00:00,2026-08-08 02:14:53.013571+00:00
1130,농식품공무원교육원,,,,,,2026-08-08 02:14:53.013571+00:00,2026-08-08 02:14:53.013571+00:00
1131,농식품공무원교육원장,,,,,,2026-08-08 02:14:53.013571+00:00,2026-08-08 02:14:53.013571+00:00
1132,농심 품질관리팀,,,,,,2026-08-08 02:14:53.013571+00:00,2026-08-08 02:14:53.013571+00:00
1133,농심 해외영업본부,,,,,,2026-08-08 02:14:53.013571+00:00,2026-08-08 02:14:53.013571+00:00
1134,농어업어촌특별위원회,,,,,,2026-08-08 02:14:53.013571+00:00,2026-08-08 02:14:53.013571+00:00
1135,농업기술진흥원,,,,,,2026-08-08 02:14:53.013571+00:00,2026-08-08 02:14:53.013571+00:00
1136,농업정책보험금융원 투자관리부,,,,,,2026-08-08 02:14:53.013571+00:00,2026-08-08 02:14:53.013571+00:00
1137,농업회사법인 하울,,,,,,2026-08-08 02:14:53.013571+00:00,2026-08-08 02:14:53.013571+00:00
1138,농촌진흥청 식생활영양과,,,,,,2026-08-08 02:14:53.013571+00:00,2026-08-08 02:14:53.013571+00:00
1139,다나그린,,,,,,2026-08-08 02:14:53.013571+00:00,2026-08-08 02:14:53.013571+00:00
1140,대동애그테크 스마트파밍사업부,,,,,,2026-08-08 02:14:53.013571+00:00,2026-08-08 02:14:53.013571+00:00
1141,대상 블루바이오 CIC,,,,,,2026-08-08 02:14:53.013571+00:00,2026-08-08 02:14:53.013571+00:00
1142,대상블루바이오씨아씨,,,,,,2026-08-08 02:14:53.013571+00:00,2026-08-08 02:14:53.013571+00:00
1143,대상블루바이오씨아이씨,,,,,,2026-08-08 02:14:53.013571+00:00,2026-08-08 02:14:53.013571+00:00
1144,대한상공회의소,,,,,,2026-08-08 02:14:53.013571+00:00,2026-08-08 02:14:53.013571+00:00
1145,대한상공회의소 지속가능경영원,,,,,,2026-08-08 02:14:53.013571+00:00,2026-08-08 02:14:53.013571+00:00
1146,대한제강,,,,,,2026-08-08 02:14:53.013571+00:00,2026-08-08 02:14:53.013571+00:00
1147,더데이원랩,,,,,,2026-08-08 02:14:53.013571+00:00,2026-08-08 02:14:53.013571+00:00
1148,독일농업협회,,,,,,2026-08-08 02:14:53.013571+00:00,2026-08-08 02:14:53.013571+00:00
1149,동국대 식품생명공학과 / 아시아창업보육협회,,,,,,2026-08-08 02:14:53.013571+00:00,2026-08-08 02:14:53.013571+00:00
1150,동국대학교 식품의료제품규제정책학과,,,,,,2026-08-08 02:14:53.013571+00:00,2026-08-08 02:14:53.013571+00:00
1151,동아사이언스,,,,,,2026-08-08 02:14:53.013571+00:00,2026-08-08 02:14:53.013571+00:00
1152,동원F&B,,,,,,2026-08-08 02:14:53.013571+00:00,2026-08-08 02:14:53.013571+00:00
1153,동원F&B 식품과학연구원,,,,,,2026-08-08 02:14:53.013571+00:00,2026-08-08 02:14:53.013571+00:00
1154,동원그룹 KSF,,,,,,2026-08-08 02:14:53.013571+00:00,2026-08-08 02:14:53.013571+00:00
1155,동원산업,,,,,,2026-08-08 02:14:53.013571+00:00,2026-08-08 02:14:53.013571+00:00
1156,동의과학대학교,,,,,,2026-08-08 02:14:53.013571+00:00,2026-08-08 02:14:53.013571+00:00
1157,두산로보틱스,,,,,,2026-08-08 02:14:53.013571+00:00,2026-08-08 02:14:53.013571+00:00
1158,디이프,,,,,,2026-08-08 02:14:53.013571+00:00,2026-08-08 02:14:53.013571+00:00
1159,뜨란,,,,,,2026-08-08 02:14:53.013571+00:00,2026-08-08 02:14:53.013571+00:00
1160,라트바이오,,,,,,2026-08-08 02:14:53.013571+00:00,2026-08-08 02:14:53.013571+00:00
1161,래빗,,,,,,2026-08-08 02:14:53.013571+00:00,2026-08-08 02:14:53.013571+00:00
1162,로보스,,,,,,2026-08-08 02:14:53.013571+00:00,2026-08-08 02:14:53.013571+00:00
1163,로보테크,,,,,,2026-08-08 02:14:53.013571+00:00,2026-08-08 02:14:53.013571+00:00
1164,로봇산업진흥원,,,,,,2026-08-08 02:14:53.013571+00:00,2026-08-08 02:14:53.013571+00:00
1165,록야,,,,,,2026-08-08 02:14:53.013571+00:00,2026-08-08 02:14:53.013571+00:00
1166,롯데온,,,,,,2026-08-08 02:14:53.013571+00:00,2026-08-08 02:14:53.013571+00:00
1167,롯데중앙연구서,,,,,,2026-08-08 02:14:53.013571+00:00,2026-08-08 02:14:53.013571+00:00
1168,롯데중앙연구소 FT부문,,,,,,2026-08-08 02:14:53.013571+00:00,2026-08-08 02:14:53.013571+00:00
1169,리코,,,,,,2026-08-08 02:14:53.013571+00:00,2026-08-08 02:14:53.013571+00:00
1170,리하베스트 (미국),,,,,,2026-08-08 02:14:53.013571+00:00,2026-08-08 02:14:53.013571+00:00
1171,림스업,,,,,,2026-08-08 02:14:53.013571+00:00,2026-08-08 02:14:53.013571+00:00
1172,마이에스엔터테인먼트,,,,,,2026-08-08 02:14:53.013571+00:00,2026-08-08 02:14:53.013571+00:00
1173,마인드캔버스,,,,,,2026-08-08 02:14:53.013571+00:00,2026-08-08 02:14:53.013571+00:00
1174,마켓보로,,,,,,2026-08-08 02:14:53.013571+00:00,2026-08-08 02:14:53.013571+00:00
1175,매사추세츠대학,,,,,,2026-08-08 02:14:53.013571+00:00,2026-08-08 02:14:53.013571+00:00
1176,매일경제,,,,,,2026-08-08 02:14:53.013571+00:00,2026-08-08 02:14:53.013571+00:00
1177,메디쏠라,,,,,,2026-08-08 02:14:53.013571+00:00,2026-08-08 02:14:53.013571+00:00
1178,메디언스,,,,,,2026-08-08 02:14:53.013571+00:00,2026-08-08 02:14:53.013571+00:00
1179,메타몰프,,,,,,2026-08-08 02:14:53.013571+00:00,2026-08-08 02:14:53.013571+00:00
1180,미국 UCLA,,,,,,2026-08-08 02:14:53.013571+00:00,2026-08-08 02:14:53.013571+00:00
1181,미국 매사추세츠 주립대학교 의과대학,,,,,,2026-08-08 02:14:53.013571+00:00,2026-08-08 02:14:53.013571+00:00
1182,바이오쓰리에스,,,,,,2026-08-08 02:14:53.013571+00:00,2026-08-08 02:14:53.013571+00:00
1183,바이오앱,,,,,,2026-08-08 02:14:53.013571+00:00,2026-08-08 02:14:53.013571+00:00
1184,법무법인 오른하늘,,,,,,2026-08-08 02:14:53.013571+00:00,2026-08-08 02:14:53.013571+00:00
1185,법무법인 원 & 경기도,,,,,,2026-08-08 02:14:53.013571+00:00,2026-08-08 02:14:53.013571+00:00
1186,베어로보틱스,,,,,,2026-08-08 02:14:53.013571+00:00,2026-08-08 02:14:53.013571+00:00
1187,베어로보틱스 코리아,,,,,,2026-08-08 02:14:53.013571+00:00,2026-08-08 02:14:53.013571+00:00
1188,베오로보틱스코리아,,,,,,2026-08-08 02:14:53.013571+00:00,2026-08-08 02:14:53.013571+00:00
1189,보스톤다이내믹스,,,,,,2026-08-08 02:14:53.013571+00:00,2026-08-08 02:14:53.013571+00:00
1190,부산경남&해양농수산,,,,,,2026-08-08 02:14:53.013571+00:00,2026-08-08 02:14:53.013571+00:00
1191,부산대학교,,,,,,2026-08-08 02:14:53.013571+00:00,2026-08-08 02:14:53.013571+00:00
1192,브릴스,,,,,,2026-08-08 02:14:53.013571+00:00,2026-08-08 02:14:53.013571+00:00
1193,비로보틱스,,,,,,2026-08-08 02:14:53.013571+00:00,2026-08-08 02:14:53.013571+00:00
1194,빅베이슨캐피탈,,,,,,2026-08-08 02:14:53.013571+00:00,2026-08-08 02:14:53.013571+00:00
1195,삼양식품 삼양라운드스퀘어,,,,,,2026-08-08 02:14:53.013571+00:00,2026-08-08 02:14:53.013571+00:00
1196,새한벤처투자,,,,,,2026-08-08 02:14:53.013571+00:00,2026-08-08 02:14:53.013571+00:00
1197,샘표 마케팅본부,,,,,,2026-08-08 02:14:53.013571+00:00,2026-08-08 02:14:53.013571+00:00
1198,서울경제,,,,,,2026-08-08 02:14:53.013571+00:00,2026-08-08 02:14:53.013571+00:00
1199,서울대 식품영양학과,,,,,,2026-08-08 02:14:53.013571+00:00,2026-08-08 02:14:53.013571+00:00
1200,서울대 화학부 / 그래핀스퀘어,,,,,,2026-08-08 02:14:53.013571+00:00,2026-08-08 02:14:53.013571+00:00
1201,서울대학교 공학전문대학원,,,,,,2026-08-08 02:14:53.013571+00:00,2026-08-08 02:14:53.013571+00:00
1202,서울대학교 기계공학과,,,,,,2026-08-08 02:14:53.013571+00:00,2026-08-08 02:14:53.013571+00:00
1203,서울대학교 디자인과,,,,,,2026-08-08 02:14:53.013571+00:00,2026-08-08 02:14:53.013571+00:00
1204,서울대학교 식품영양학과,,,,,,2026-08-08 02:14:53.013571+00:00,2026-08-08 02:14:53.013571+00:00
1205,서울대학교 의과학과,,,,,,2026-08-08 02:14:53.013571+00:00,2026-08-08 02:14:53.013571+00:00
1206,서울대학교 컴퓨터공학과,,,,,,2026-08-08 02:14:53.013571+00:00,2026-08-08 02:14:53.013571+00:00
1207,서울대학교 푸드테크최고책임자과정,,,,,,2026-08-08 02:14:53.013571+00:00,2026-08-08 02:14:53.013571+00:00
1208,서울대학교 푸드테크학과,,,,,,2026-08-08 02:14:53.013571+00:00,2026-08-08 02:14:53.013571+00:00
1209,"서울대학교, 월드푸드테크협의회",,,,,,2026-08-08 02:14:53.013571+00:00,2026-08-08 02:14:53.013571+00:00
1210,서울대학교기술지주,,,,,,2026-08-08 02:14:53.013571+00:00,2026-08-08 02:14:53.013571+00:00
1211,서울영양교사협회,,,,,,2026-08-08 02:14:53.013571+00:00,2026-08-08 02:14:53.013571+00:00
1212,서원대학교,,,,,,2026-08-08 02:14:53.013571+00:00,2026-08-08 02:14:53.013571+00:00
1213,서일,,,,,,2026-08-08 02:14:53.013571+00:00,2026-08-08 02:14:53.013571+00:00
1214,선진애그리로보텍,,,,,,2026-08-08 02:14:53.013571+00:00,2026-08-08 02:14:53.013571+00:00
1215,설로인,,,,,,2026-08-08 02:14:53.013571+00:00,2026-08-08 02:14:53.013571+00:00
1216,성남,,,,,,2026-08-08 02:14:53.013571+00:00,2026-08-08 02:14:53.013571+00:00
1217,성남산업단지관리공단,,,,,,2026-08-08 02:14:53.013571+00:00,2026-08-08 02:14:53.013571+00:00
1218,세바바이오텍,,,,,,2026-08-08 02:14:53.013571+00:00,2026-08-08 02:14:53.013571+00:00
1219,세종대,,,,,,2026-08-08 02:14:53.013571+00:00,2026-08-08 02:14:53.013571+00:00
1220,셀미트,,,,,,2026-08-08 02:14:53.013571+00:00,2026-08-08 02:14:53.013571+00:00
1221,셀바스AI,,,,,,2026-08-08 02:14:53.013571+00:00,2026-08-08 02:14:53.013571+00:00
1222,수지스링크,,,,,,2026-08-08 02:14:53.013571+00:00,2026-08-08 02:14:53.013571+00:00
1223,수퍼톤,,,,,,2026-08-08 02:14:53.013571+00:00,2026-08-08 02:14:53.013571+00:00
1224,숙명여대 소비자경제학과,,,,,,2026-08-08 02:14:53.013571+00:00,2026-08-08 02:14:53.013571+00:00
1225,숭실대학교 벤처중소기업학과,,,,,,2026-08-08 02:14:53.013571+00:00,2026-08-08 02:14:53.013571+00:00
1226,슈레더김 재단,,,,,,2026-08-08 02:14:53.013571+00:00,2026-08-08 02:14:53.013571+00:00
1227,시나몬랩,,,,,,2026-08-08 02:14:53.013571+00:00,2026-08-08 02:14:53.013571+00:00
1228,시니스트,,,,,,2026-08-08 02:14:53.013571+00:00,2026-08-08 02:14:53.013571+00:00
1229,식약처 식생활영양안전정책과,,,,,,2026-08-08 02:14:53.013571+00:00,2026-08-08 02:14:53.013571+00:00
1230,식품의약품안전처,,,,,,2026-08-08 02:14:53.013571+00:00,2026-08-08 02:14:53.013571+00:00
1231,식품의약품안전처 규제과학혁신정책추진단,,,,,,2026-08-08 02:14:53.013571+00:00,2026-08-08 02:14:53.013571+00:00
1232,식품의약품안전처 글로벌수출전략,,,,,,2026-08-08 02:14:53.013571+00:00,2026-08-08 02:14:53.013571+00:00
1233,식품의약품안전처 신소재식품과,,,,,,2026-08-08 02:14:53.013571+00:00,2026-08-08 02:14:53.013571+00:00
1234,식품의약품안전처 영양기능연구과,,,,,,2026-08-08 02:14:53.013571+00:00,2026-08-08 02:14:53.013571+00:00
1235,신신제약,,,,,,2026-08-08 02:14:53.013571+00:00,2026-08-08 02:14:53.013571+00:00
1236,싱가포르 난양공대,,,,,,2026-08-08 02:14:53.013571+00:00,2026-08-08 02:14:53.013571+00:00
1237,써모피셔사이언티픽,,,,,,2026-08-08 02:14:53.013571+00:00,2026-08-08 02:14:53.013571+00:00
1238,아놀자클라우드,,,,,,2026-08-08 02:14:53.013571+00:00,2026-08-08 02:14:53.013571+00:00
1239,아미코젠,,,,,,2026-08-08 02:14:53.013571+00:00,2026-08-08 02:14:53.013571+00:00
1240,아우어박스,,,,,,2026-08-08 02:14:53.013571+00:00,2026-08-08 02:14:53.013571+00:00
1241,아워홈 비즈니스전략본부,,,,,,2026-08-08 02:14:53.013571+00:00,2026-08-08 02:14:53.013571+00:00
1242,아이디어파트너스,,,,,,2026-08-08 02:14:53.013571+00:00,2026-08-08 02:14:53.013571+00:00
1243,아이엠투자파트너스,,,,,,2026-08-08 02:14:53.013571+00:00,2026-08-08 02:14:53.013571+00:00
1244,아쿠아프로,,,,,,2026-08-08 02:14:53.013571+00:00,2026-08-08 02:14:53.013571+00:00
1245,아쿠아프로㈜,,,,,,2026-08-08 02:14:53.013571+00:00,2026-08-08 02:14:53.013571+00:00
1246,아쿠온,,,,,,2026-08-08 02:14:53.013571+00:00,2026-08-08 02:14:53.013571+00:00
1247,야놀자,,,,,,2026-08-08 02:14:53.013571+00:00,2026-08-08 02:14:53.013571+00:00
1248,야놀자F&B솔루션,,,,,,2026-08-08 02:14:53.013571+00:00,2026-08-08 02:14:53.013571+00:00
1249,야놀자에프앤비솔루션,,,,,,2026-08-08 02:14:53.013571+00:00,2026-08-08 02:14:53.013571+00:00
1250,야놀자클라우드,,,,,,2026-08-08 02:14:53.013571+00:00,2026-08-08 02:14:53.013571+00:00
1251,에르코스,,,,,,2026-08-08 02:14:53.013571+00:00,2026-08-08 02:14:53.013571+00:00
1252,에브리씽벗,,,,,,2026-08-08 02:14:53.013571+00:00,2026-08-08 02:14:53.013571+00:00
1253,에스엠해썸,,,,,,2026-08-08 02:14:53.013571+00:00,2026-08-08 02:14:53.013571+00:00
1254,엔씽,,,,,,2026-08-08 02:14:53.013571+00:00,2026-08-08 02:14:53.013571+00:00
1255,엔피케이,,,,,,2026-08-08 02:14:53.013571+00:00,2026-08-08 02:14:53.013571+00:00
1256,엠바이옴쎄라퓨틱스,,,,,,2026-08-08 02:14:53.013571+00:00,2026-08-08 02:14:53.013571+00:00
1257,연구혁신청(BRIN),,,,,,2026-08-08 02:14:53.013571+00:00,2026-08-08 02:14:53.013571+00:00
1258,연세대 식품영양학과,,,,,,2026-08-08 02:14:53.013571+00:00,2026-08-08 02:14:53.013571+00:00
1259,연세대학교 식품영양학과,,,,,,2026-08-08 02:14:53.013571+00:00,2026-08-08 02:14:53.013571+00:00
1260,예산군 바이오글로벌사업화지원센터,,,,,,2026-08-08 02:14:53.013571+00:00,2026-08-08 02:14:53.013571+00:00
1261,오리온,,,,,,2026-08-08 02:14:53.013571+00:00,2026-08-08 02:14:53.013571+00:00
1262,오션클러스터,,,,,,2026-08-08 02:14:53.013571+00:00,2026-08-08 02:14:53.013571+00:00
1263,오아시스,,,,,,2026-08-08 02:14:53.013571+00:00,2026-08-08 02:14:53.013571+00:00
1264,올곧,,,,,,2026-08-08 02:14:53.013571+00:00,2026-08-08 02:14:53.013571+00:00
1265,와드(캐치테이블),,,,,,2026-08-08 02:14:53.013571+00:00,2026-08-08 02:14:53.013571+00:00
1266,우아한 형제들,,,,,,2026-08-08 02:14:53.013571+00:00,2026-08-08 02:14:53.013571+00:00
1267,우아한형제들,,,,,,2026-08-08 02:14:53.013571+00:00,2026-08-08 02:14:53.013571+00:00
1268,월드푸드테크협의회,,,,,,2026-08-08 02:14:53.013571+00:00,2026-08-08 02:14:53.013571+00:00
1269,웰프렌,,,,,,2026-08-08 02:14:53.013571+00:00,2026-08-08 02:14:53.013571+00:00
1270,위드라이크,,,,,,2026-08-08 02:14:53.013571+00:00,2026-08-08 02:14:53.013571+00:00
1271,위미트,,,,,,2026-08-08 02:14:53.013571+00:00,2026-08-08 02:14:53.013571+00:00
1272,유라시아파트너스,,,,,,2026-08-08 02:14:53.013571+00:00,2026-08-08 02:14:53.013571+00:00
1273,유라시아파트너즈,,,,,,2026-08-08 02:14:53.013571+00:00,2026-08-08 02:14:53.013571+00:00
1274,유엔산업개발기구,,,,,,2026-08-08 02:14:53.013571+00:00,2026-08-08 02:14:53.013571+00:00
1275,유엔산업개발기구(UNIDO),,,,,,2026-08-08 02:14:53.013571+00:00,2026-08-08 02:14:53.013571+00:00
1276,율촌화학기술연구소,,,,,,2026-08-08 02:14:53.013571+00:00,2026-08-08 02:14:53.013571+00:00
1277,은하수산,,,,,,2026-08-08 02:14:53.013571+00:00,2026-08-08 02:14:53.013571+00:00
1278,의성군,,,,,,2026-08-08 02:14:53.013571+00:00,2026-08-08 02:14:53.013571+00:00
1279,이그니스,,,,,,2026-08-08 02:14:53.013571+00:00,2026-08-08 02:14:53.013571+00:00
1280,이그린글로벌,,,,,,2026-08-08 02:14:53.013571+00:00,2026-08-08 02:14:53.013571+00:00
1281,이화여대,,,,,,2026-08-08 02:14:53.013571+00:00,2026-08-08 02:14:53.013571+00:00
1282,이화여자대학교 국제대학원(세네갈),,,,,,2026-08-08 02:14:53.013571+00:00,2026-08-08 02:14:53.013571+00:00
1283,이화여자대학교 식품공학과,,,,,,2026-08-08 02:14:53.013571+00:00,2026-08-08 02:14:53.013571+00:00
1284,이화여자대학교 식품생명공학과,,,,,,2026-08-08 02:14:53.013571+00:00,2026-08-08 02:14:53.013571+00:00
1285,이화여자대학교 식품영양학과,,,,,,2026-08-08 02:14:53.013571+00:00,2026-08-08 02:14:53.013571+00:00
1286,장충동왕족발,,,,,,2026-08-08 02:14:53.013571+00:00,2026-08-08 02:14:53.013571+00:00
1287,재능대학교,,,,,,2026-08-08 02:14:53.013571+00:00,2026-08-08 02:14:53.013571+00:00
1288,전)KT,,,,,,2026-08-08 02:14:53.013571+00:00,2026-08-08 02:14:53.013571+00:00
1289,전국영양교사협회,,,,,,2026-08-08 02:14:53.013571+00:00,2026-08-08 02:14:53.013571+00:00
1290,전남농업기술원,,,,,,2026-08-08 02:14:53.013571+00:00,2026-08-08 02:14:53.013571+00:00
1291,전남대학교 식품공학과,,,,,,2026-08-08 02:14:53.013571+00:00,2026-08-08 02:14:53.013571+00:00
1292,전남대학교 푸드테크학과,,,,,,2026-08-08 02:14:53.013571+00:00,2026-08-08 02:14:53.013571+00:00
1293,전남바이오산업진흥원,,,,,,2026-08-08 02:14:53.013571+00:00,2026-08-08 02:14:53.013571+00:00
1294,전북농업기술원,,,,,,2026-08-08 02:14:53.013571+00:00,2026-08-08 02:14:53.013571+00:00
1295,전북대학교 푸드테크학과,,,,,,2026-08-08 02:14:53.013571+00:00,2026-08-08 02:14:53.013571+00:00
1296,전북바이오융합산업진흥원,,,,,,2026-08-08 02:14:53.013571+00:00,2026-08-08 02:14:53.013571+00:00
1297,전주대학교,,,,,,2026-08-08 02:14:53.013571+00:00,2026-08-08 02:14:53.013571+00:00
1298,전주대학교 / GSCRO,,,,,,2026-08-08 02:14:53.013571+00:00,2026-08-08 02:14:53.013571+00:00
1299,전주대학교 푸드테크학과,,,,,,2026-08-08 02:14:53.013571+00:00,2026-08-08 02:14:53.013571+00:00
1300,정저우대 (중국),,,,,,2026-08-08 02:14:53.013571+00:00,2026-08-08 02:14:53.013571+00:00
1301,정저우대학교,,,,,,2026-08-08 02:14:53.013571+00:00,2026-08-08 02:14:53.013571+00:00
1302,제주관광대학교,,,,,,2026-08-08 02:14:53.013571+00:00,2026-08-08 02:14:53.013571+00:00
1303,제주대학교,,,,,,2026-08-08 02:14:53.013571+00:00,2026-08-08 02:14:53.013571+00:00
1304,제주대학교 식품공학과,,,,,,2026-08-08 02:14:53.013571+00:00,2026-08-08 02:14:53.013571+00:00
1305,제주도 식품산업과,,,,,,2026-08-08 02:14:53.013571+00:00,2026-08-08 02:14:53.013571+00:00
1306,제주바솔트,,,,,,2026-08-08 02:14:53.013571+00:00,2026-08-08 02:14:53.013571+00:00
1307,제주산업융합원,,,,,,2026-08-08 02:14:53.013571+00:00,2026-08-08 02:14:53.013571+00:00
1308,제주산학융합원,,,,,,2026-08-08 02:14:53.013571+00:00,2026-08-08 02:14:53.013571+00:00
1309,제주테크노파크,,,,,,2026-08-08 02:14:53.013571+00:00,2026-08-08 02:14:53.013571+00:00
1310,제주특별자치도,,,,,,2026-08-08 02:14:53.013571+00:00,2026-08-08 02:14:53.013571+00:00
1311,주한네덜란드대사관,,,,,,2026-08-08 02:14:53.013571+00:00,2026-08-08 02:14:53.013571+00:00
1312,중소기업푸드테크협회,,,,,,2026-08-08 02:14:53.013571+00:00,2026-08-08 02:14:53.013571+00:00
1313,쥬비스 다이어트,,,,,,2026-08-08 02:14:53.013571+00:00,2026-08-08 02:14:53.013571+00:00
1314,지보단,,,,,,2026-08-08 02:14:53.013571+00:00,2026-08-08 02:14:53.013571+00:00
1315,창원대학교,,,,,,2026-08-08 02:14:53.013571+00:00,2026-08-08 02:14:53.013571+00:00
1316,초기투자액설러레이터협회,,,,,,2026-08-08 02:14:53.013571+00:00,2026-08-08 02:14:53.013571+00:00
1317,초기투자액셀러레이터협회,,,,,,2026-08-08 02:14:53.013571+00:00,2026-08-08 02:14:53.013571+00:00
1318,춘천감자빵,,,,,,2026-08-08 02:14:53.013571+00:00,2026-08-08 02:14:53.013571+00:00
1319,춘천바이오산업진흥원,,,,,,2026-08-08 02:14:53.013571+00:00,2026-08-08 02:14:53.013571+00:00
1320,충북대학교 공업화학과,,,,,,2026-08-08 02:14:53.013571+00:00,2026-08-08 02:14:53.013571+00:00
1321,카이스트,,,,,,2026-08-08 02:14:53.013571+00:00,2026-08-08 02:14:53.013571+00:00
1322,카이스트 전산학부,,,,,,2026-08-08 02:14:53.013571+00:00,2026-08-08 02:14:53.013571+00:00
1323,코니멀하우스,,,,,,2026-08-08 02:14:53.013571+00:00,2026-08-08 02:14:53.013571+00:00
1324,코러싱,,,,,,2026-08-08 02:14:53.013571+00:00,2026-08-08 02:14:53.013571+00:00
1325,쿠팡 풀필먼트,,,,,,2026-08-08 02:14:53.013571+00:00,2026-08-08 02:14:53.013571+00:00
1326,크레오코리아,,,,,,2026-08-08 02:14:53.013571+00:00,2026-08-08 02:14:53.013571+00:00
1327,크로프트,,,,,,2026-08-08 02:14:53.013571+00:00,2026-08-08 02:14:53.013571+00:00
1328,텔로팜,,,,,,2026-08-08 02:14:53.013571+00:00,2026-08-08 02:14:53.013571+00:00
1329,툴젠,,,,,,2026-08-08 02:14:53.013571+00:00,2026-08-08 02:14:53.013571+00:00
1330,트릿지,,,,,,2026-08-08 02:14:53.013571+00:00,2026-08-08 02:14:53.013571+00:00
1331,티오더,,,,,,2026-08-08 02:14:53.013571+00:00,2026-08-08 02:14:53.013571+00:00
1332,팜넷협동조합,,,,,,2026-08-08 02:14:53.013571+00:00,2026-08-08 02:14:53.013571+00:00
1333,팜에이트,,,,,,2026-08-08 02:14:53.013571+00:00,2026-08-08 02:14:53.013571+00:00
1334,퍼밋,,,,,,2026-08-08 02:14:53.013571+00:00,2026-08-08 02:14:53.013571+00:00
1335,포스코인터네셔널,,,,,,2026-08-08 02:14:53.013571+00:00,2026-08-08 02:14:53.013571+00:00
1336,포스코홀딩스 신기술사업투자담당,,,,,,2026-08-08 02:14:53.013571+00:00,2026-08-08 02:14:53.013571+00:00
1337,포스텍,,,,,,2026-08-08 02:14:53.013571+00:00,2026-08-08 02:14:53.013571+00:00
1338,포항공과대학교,,,,,,2026-08-08 02:14:53.013571+00:00,2026-08-08 02:14:53.013571+00:00
1339,포항공과대학교 푸드테크학과,,,,,,2026-08-08 02:14:53.013571+00:00,2026-08-08 02:14:53.013571+00:00
1340,포항공대,,,,,,2026-08-08 02:14:53.013571+00:00,2026-08-08 02:14:53.013571+00:00
1341,포항공대 푸드테크학과,,,,,,2026-08-08 02:14:53.013571+00:00,2026-08-08 02:14:53.013571+00:00
1342,포항소재산업진흥원,,,,,,2026-08-08 02:14:53.013571+00:00,2026-08-08 02:14:53.013571+00:00
1343,포항시,,,,,,2026-08-08 02:14:53.013571+00:00,2026-08-08 02:14:53.013571+00:00
1344,폴라리스3D,,,,,,2026-08-08 02:14:53.013571+00:00,2026-08-08 02:14:53.013571+00:00
1345,풀무원생활건강,,,,,,2026-08-08 02:14:53.013571+00:00,2026-08-08 02:14:53.013571+00:00
1346,프레시지,,,,,,2026-08-08 02:14:53.013571+00:00,2026-08-08 02:14:53.013571+00:00
1347,프리바 아시아 (네덜란드),,,,,,2026-08-08 02:14:53.013571+00:00,2026-08-08 02:14:53.013571+00:00
1348,피치,,,,,,2026-08-08 02:14:53.013571+00:00,2026-08-08 02:14:53.013571+00:00
1349,하림,,,,,,2026-08-08 02:14:53.013571+00:00,2026-08-08 02:14:53.013571+00:00
1350,하림지주,,,,,,2026-08-08 02:14:53.013571+00:00,2026-08-08 02:14:53.013571+00:00
1351,하림지주 전략기획,,,,,,2026-08-08 02:14:53.013571+00:00,2026-08-08 02:14:53.013571+00:00
1352,하이투자파트너스,,,,,,2026-08-08 02:14:53.013571+00:00,2026-08-08 02:14:53.013571+00:00
1353,한국 AIㆍ로봇산업협회,,,,,,2026-08-08 02:14:53.013571+00:00,2026-08-08 02:14:53.013571+00:00
1354,한국경제,,,,,,2026-08-08 02:14:53.013571+00:00,2026-08-08 02:14:53.013571+00:00
1355,한국과학기술원(KAIST) 전산학부,,,,,,2026-08-08 02:14:53.013571+00:00,2026-08-08 02:14:53.013571+00:00
1356,한국과학기자협회,,,,,,2026-08-08 02:14:53.013571+00:00,2026-08-08 02:14:53.013571+00:00
1357,한국급식학회,,,,,,2026-08-08 02:14:53.013571+00:00,2026-08-08 02:14:53.013571+00:00
1358,한국농수산대학교,,,,,,2026-08-08 02:14:53.013571+00:00,2026-08-08 02:14:53.013571+00:00
1359,한국농식품법률제도연구소,,,,,,2026-08-08 02:14:53.013571+00:00,2026-08-08 02:14:53.013571+00:00
1360,한국농촌경제연구원,,,,,,2026-08-08 02:14:53.013571+00:00,2026-08-08 02:14:53.013571+00:00
1361,한국농촌경제연구원/서울대학교 아시아연구소,,,,,,2026-08-08 02:14:53.013571+00:00,2026-08-08 02:14:53.013571+00:00
1362,한국로봇산업진흥원,,,,,,2026-08-08 02:14:53.013571+00:00,2026-08-08 02:14:53.013571+00:00
1363,한국바이오특화센터협의회,,,,,,2026-08-08 02:14:53.013571+00:00,2026-08-08 02:14:53.013571+00:00
1364,한국방송공사(KBS),,,,,,2026-08-08 02:14:53.013571+00:00,2026-08-08 02:14:53.013571+00:00
1365,한국생산기술연구원,,,,,,2026-08-08 02:14:53.013571+00:00,2026-08-08 02:14:53.013571+00:00
1366,한국소비자원,,,,,,2026-08-08 02:14:53.013571+00:00,2026-08-08 02:14:53.013571+00:00
1367,한국수산경영학회,,,,,,2026-08-08 02:14:53.013571+00:00,2026-08-08 02:14:53.013571+00:00
1368,한국식품연구원 스마트제조사업단,,,,,,2026-08-08 02:14:53.013571+00:00,2026-08-08 02:14:53.013571+00:00
1369,한국식품연구원 식품융합연구본부,,,,,,2026-08-08 02:14:53.013571+00:00,2026-08-08 02:14:53.013571+00:00
1370,한국액셀러레이터협회,,,,,,2026-08-08 02:14:53.013571+00:00,2026-08-08 02:14:53.013571+00:00
1371,한국표준과학연구원,,,,,,2026-08-08 02:14:53.013571+00:00,2026-08-08 02:14:53.013571+00:00
1372,한국푸드테크현의회,,,,,,2026-08-08 02:14:53.013571+00:00,2026-08-08 02:14:53.013571+00:00
1373,한국푸드테크협의회,,,,,,2026-08-08 02:14:53.013571+00:00,2026-08-08 02:14:53.013571+00:00
1374,한국항공대,,,,,,2026-08-08 02:14:53.013571+00:00,2026-08-08 02:14:53.013571+00:00
1375,한국해양수산개발원,,,,,,2026-08-08 02:14:53.013571+00:00,2026-08-08 02:14:53.013571+00:00
1376,한미양행,,,,,,2026-08-08 02:14:53.013571+00:00,2026-08-08 02:14:53.013571+00:00
1377,한양대 디지털헬스케어센터,,,,,,2026-08-08 02:14:53.013571+00:00,2026-08-08 02:14:53.013571+00:00
1378,한양대 산업융합학부,,,,,,2026-08-08 02:14:53.013571+00:00,2026-08-08 02:14:53.013571+00:00
1379,한양대 푸드테크학과,,,,,,2026-08-08 02:14:53.013571+00:00,2026-08-08 02:14:53.013571+00:00
1380,한양대학교,,,,,,2026-08-08 02:14:53.013571+00:00,2026-08-08 02:14:53.013571+00:00
1381,한양대학교 푸드테크학과,,,,,,2026-08-08 02:14:53.013571+00:00,2026-08-08 02:14:53.013571+00:00
1382,한울,,,,,,2026-08-08 02:14:53.013571+00:00,2026-08-08 02:14:53.013571+00:00
1383,한화로보틱스,,,,,,2026-08-08 02:14:53.013571+00:00,2026-08-08 02:14:53.013571+00:00
1384,한화솔루션,,,,,,2026-08-08 02:14:53.013571+00:00,2026-08-08 02:14:53.013571+00:00
1385,한화솔루션 바이오엔지니어링전략담당,,,,,,2026-08-08 02:14:53.013571+00:00,2026-08-08 02:14:53.013571+00:00
1386,한화푸드테크,,,,,,2026-08-08 02:14:53.013571+00:00,2026-08-08 02:14:53.013571+00:00
1387,해녀의 부엌,,,,,,2026-08-08 02:14:53.013571+00:00,2026-08-08 02:14:53.013571+00:00
1388,해양바이오 공동협력 연구소,,,,,,2026-08-08 02:14:53.013571+00:00,2026-08-08 02:14:53.013571+00:00
1389,해양수산개발원,,,,,,2026-08-08 02:14:53.013571+00:00,2026-08-08 02:14:53.013571+00:00
1390,현대그린푸드 그리팅사업부,,,,,,2026-08-08 02:14:53.013571+00:00,2026-08-08 02:14:53.013571+00:00
1391,협성대학교,,,,,,2026-08-08 02:14:53.013571+00:00,2026-08-08 02:14:53.013571+00:00
1392,협의회,,,,,,2026-08-08 02:14:53.013571+00:00,2026-08-08 02:14:53.013571+00:00
1393,홍콩과학기술대,,,,,,2026-08-08 02:14:53.013571+00:00,2026-08-08 02:14:53.013571+00:00
1394,화신사이버대학교,,,,,,2026-08-08 02:14:53.013571+00:00,2026-08-08 02:14:53.013571+00:00
1395,효사랑병원 (주)팥알,,,,,,2026-08-08 02:14:53.013571+00:00,2026-08-08 02:14:53.013571+00:00
1396,휴스턴대학교,,,,,,2026-08-08 02:14:53.013571+00:00,2026-08-08 02:14:53.013571+00:00
1397,농협식품R&D연구소,연구소,,,,,2026-08-08 02:42:41.044338+00:00,2026-08-08 02:42:41.044338+00:00
1398,에코아쿠아팜,기업,,,,,2026-08-08 02:42:41.044338+00:00,2026-08-08 02:42:41.044338+00:00
1399,서울과기대학교,대학,,,,,2026-08-08 02:42:41.044338+00:00,2026-08-08 02:42:41.044338+00:00
1400,성결대학교,대학,,,,,2026-08-08 02:42:41.044338+00:00,2026-08-08 02:42:41.044338+00:00
