id,person_id,cohort_id,role,enrolled_date,completion_status,grade,notes,created_at
1,896,4,수강생,,수료,,,2026-08-08 01:54:19.600955+00:00
2,897,4,수강생,,수료,,,2026-08-08 01:54:19.600955+00:00
3,898,4,수강생,,수료,,,2026-08-08 01:54:19.600955+00:00
4,899,4,수강생,,수료,,,2026-08-08 01:54:19.600955+00:00
5,900,4,수강생,,수료,,,2026-08-08 01:54:19.600955+00:00
6,901,4,수강생,,수료,,,2026-08-08 01:54:19.600955+00:00
7,902,4,수강생,,수료,,,2026-08-08 01:54:19.600955+00:00
8,903,4,수강생,,수료,,,2026-08-08 01:54:19.600955+00:00
9,904,4,수강생,,수료,,,2026-08-08 01:54:19.600955+00:00
10,905,4,수강생,,수료,,,2026-08-08 01:54:19.600955+00:00
11,906,4,수강생,,수료,,,2026-08-08 01:54:19.600955+00:00
12,907,4,수강생,,수료,,,2026-08-08 01:54:19.600955+00:00
13,908,4,수강생,,수료,,,2026-08-08 01:54:19.600955+00:00
14,909,4,수강생,,수료,,,2026-08-08 01:54:19.600955+00:00
15,910,4,수강생,,수료,,,2026-08-08 01:54:19.600955+00:00
16,911,4,수강생,,수료,,,2026-08-08 01:54:19.600955+00:00
17,912,4,수강생,,수료,,,2026-08-08 01:54:19.600955+00:00
18,913,4,수강생,,수료,,,2026-08-08 01:54:19.600955+00:00
19,914,4,수강생,,수료,,,2026-08-08 01:54:19.600955+00:00
20,915,4,수강생,,수료,,,2026-08-08 01:54:19.600955+00:00
21,916,4,수강생,,수료,,,2026-08-08 01:54:19.600955+00:00
22,917,4,수강생,,수료,,,2026-08-08 01:54:19.600955+00:00
23,918,4,수강생,,수료,,,2026-08-08 01:54:19.600955+00:00
24,919,4,수강생,,수료,,,2026-08-08 01:54:19.600955+00:00
25,920,4,수강생,,수료,,,2026-08-08 01:54:19.600955+00:00
26,921,4,수강생,,수료,,,2026-08-08 01:54:19.600955+00:00
27,922,4,수강생,,수료,,,2026-08-08 01:54:19.600955+00:00
28,923,4,수강생,,수료,,,2026-08-08 01:54:19.600955+00:00
29,924,4,수강생,,수료,,,2026-08-08 01:54:19.600955+00:00
30,925,4,수강생,,수료,,,2026-08-08 01:54:19.600955+00:00
31,926,5,수강생,,수료,,,2026-08-08 01:54:19.600955+00:00
32,927,5,수강생,,수료,,,2026-08-08 01:54:19.600955+00:00
33,928,5,수강생,,수료,,,2026-08-08 01:54:19.600955+00:00
34,929,5,수강생,,수료,,,2026-08-08 01:54:19.600955+00:00
35,930,5,수강생,,수료,,,2026-08-08 01:54:19.600955+00:00
36,931,5,수강생,,수료,,,2026-08-08 01:54:19.600955+00:00
37,932,5,수강생,,수료,,,2026-08-08 01:54:19.600955+00:00
38,933,5,수강생,,수료,,,2026-08-08 01:54:19.600955+00:00
39,934,5,수강생,,수료,,,2026-08-08 01:54:19.600955+00:00
40,935,5,수강생,,수료,,,2026-08-08 01:54:19.600955+00:00
41,936,5,수강생,,수료,,,2026-08-08 01:54:19.600955+00:00
42,937,5,수강생,,수료,,,2026-08-08 01:54:19.600955+00:00
43,938,5,수강생,,수료,,,2026-08-08 01:54:19.600955+00:00
44,939,5,수강생,,수료,,,2026-08-08 01:54:19.600955+00:00
45,940,5,수강생,,수료,,,2026-08-08 01:54:19.600955+00:00
46,941,5,수강생,,수료,,,2026-08-08 01:54:19.600955+00:00
47,942,5,수강생,,수료,,,2026-08-08 01:54:19.600955+00:00
48,943,5,수강생,,수료,,,2026-08-08 01:54:19.600955+00:00
49,944,5,수강생,,수료,,,2026-08-08 01:54:19.600955+00:00
50,945,5,수강생,,수료,,,2026-08-08 01:54:19.600955+00:00
51,946,5,수강생,,수료,,,2026-08-08 01:54:19.600955+00:00
52,947,5,수강생,,수료,,,2026-08-08 01:54:19.600955+00:00
53,948,5,수강생,,수료,,,2026-08-08 01:54:19.600955+00:00
54,949,5,수강생,,수료,,,2026-08-08 01:54:19.600955+00:00
55,950,5,수강생,,수료,,,2026-08-08 01:54:19.600955+00:00
56,951,5,수강생,,수료,,,2026-08-08 01:54:19.600955+00:00
57,952,5,수강생,,수료,,,2026-08-08 01:54:19.600955+00:00
58,953,5,수강생,,수료,,,2026-08-08 01:54:19.600955+00:00
59,954,5,수강생,,수료,,,2026-08-08 01:54:19.600955+00:00
60,955,5,수강생,,수료,,,2026-08-08 01:54:19.600955+00:00
61,956,6,수강생,,수료,,,2026-08-08 01:54:19.600955+00:00
62,957,6,수강생,,수료,,,2026-08-08 01:54:19.600955+00:00
63,958,6,수강생,,수료,,,2026-08-08 01:54:19.600955+00:00
64,959,6,수강생,,수료,,,2026-08-08 01:54:19.600955+00:00
65,960,6,수강생,,수료,,,2026-08-08 01:54:19.600955+00:00
66,961,6,수강생,,수료,,,2026-08-08 01:54:19.600955+00:00
67,962,6,수강생,,수료,,,2026-08-08 01:54:19.600955+00:00
68,963,6,수강생,,수료,,,2026-08-08 01:54:19.600955+00:00
69,964,6,수강생,,수료,,,2026-08-08 01:54:19.600955+00:00
70,965,6,수강생,,수료,,,2026-08-08 01:54:19.600955+00:00
71,966,6,수강생,,수료,,,2026-08-08 01:54:19.600955+00:00
72,967,6,수강생,,수료,,,2026-08-08 01:54:19.600955+00:00
73,968,6,수강생,,수료,,,2026-08-08 01:54:19.600955+00:00
74,969,6,수강생,,수료,,,2026-08-08 01:54:19.600955+00:00
75,970,6,수강생,,수료,,,2026-08-08 01:54:19.600955+00:00
76,971,6,수강생,,수료,,,2026-08-08 01:54:19.600955+00:00
77,972,6,수강생,,수료,,,2026-08-08 01:54:19.600955+00:00
78,973,6,수강생,,수료,,,2026-08-08 01:54:19.600955+00:00
79,974,6,수강생,,수료,,,2026-08-08 01:54:19.600955+00:00
80,975,6,수강생,,수료,,,2026-08-08 01:54:19.600955+00:00
81,976,6,수강생,,수료,,,2026-08-08 01:54:19.600955+00:00
82,977,6,수강생,,수료,,,2026-08-08 01:54:19.600955+00:00
83,978,6,수강생,,수료,,,2026-08-08 01:54:19.600955+00:00
84,979,6,수강생,,수료,,,2026-08-08 01:54:19.600955+00:00
85,980,6,수강생,,수료,,,2026-08-08 01:54:19.600955+00:00
86,981,6,수강생,,수료,,,2026-08-08 01:54:19.600955+00:00
87,982,6,수강생,,수료,,,2026-08-08 01:54:19.600955+00:00
88,983,6,수강생,,수료,,,2026-08-08 01:54:19.600955+00:00
89,984,6,수강생,,수료,,,2026-08-08 01:54:19.600955+00:00
90,985,6,수강생,,수료,,,2026-08-08 01:54:19.600955+00:00
91,986,7,수강생,,수료,,,2026-08-08 01:54:19.600955+00:00
92,987,7,수강생,,수료,,,2026-08-08 01:54:19.600955+00:00
93,988,7,수강생,,수료,,,2026-08-08 01:54:19.600955+00:00
94,989,7,수강생,,수료,,,2026-08-08 01:54:19.600955+00:00
95,990,7,수강생,,수료,,,2026-08-08 01:54:19.600955+00:00
96,991,7,수강생,,수료,,,2026-08-08 01:54:19.600955+00:00
97,992,7,수강생,,수료,,,2026-08-08 01:54:19.600955+00:00
98,993,7,수강생,,수료,,,2026-08-08 01:54:19.600955+00:00
99,994,7,수강생,,수료,,,2026-08-08 01:54:19.600955+00:00
100,995,7,수강생,,수료,,,2026-08-08 01:54:19.600955+00:00
101,996,7,수강생,,수료,,,2026-08-08 01:54:19.600955+00:00
102,997,7,수강생,,수료,,,2026-08-08 01:54:19.600955+00:00
103,998,7,수강생,,수료,,,2026-08-08 01:54:19.600955+00:00
104,999,7,수강생,,수료,,,2026-08-08 01:54:19.600955+00:00
105,1000,7,수강생,,수료,,,2026-08-08 01:54:19.600955+00:00
106,1001,7,수강생,,수료,,,2026-08-08 01:54:19.600955+00:00
107,1002,7,수강생,,수료,,,2026-08-08 01:54:19.600955+00:00
108,1003,7,수강생,,수료,,,2026-08-08 01:54:19.600955+00:00
109,1004,7,수강생,,수료,,,2026-08-08 01:54:19.600955+00:00
110,1005,7,수강생,,수료,,,2026-08-08 01:54:19.600955+00:00
111,1006,7,수강생,,수료,,,2026-08-08 01:54:19.600955+00:00
112,1007,7,수강생,,수료,,,2026-08-08 01:54:19.600955+00:00
113,1008,7,수강생,,수료,,,2026-08-08 01:54:19.600955+00:00
114,1009,7,수강생,,수료,,,2026-08-08 01:54:19.600955+00:00
115,1010,7,수강생,,수료,,,2026-08-08 01:54:19.600955+00:00
116,1011,7,수강생,,수료,,,2026-08-08 01:54:19.600955+00:00
117,1012,7,수강생,,수료,,,2026-08-08 01:54:19.600955+00:00
118,1013,7,수강생,,수료,,,2026-08-08 01:54:19.600955+00:00
119,1014,7,수강생,,수료,,,2026-08-08 01:54:19.600955+00:00
120,1015,7,수강생,,수료,,,2026-08-08 01:54:19.600955+00:00
121,1016,7,수강생,,수료,,,2026-08-08 01:54:19.600955+00:00
122,1017,8,수강생,,수료,,,2026-08-08 01:54:19.600955+00:00
123,1018,8,수강생,,수료,,,2026-08-08 01:54:19.600955+00:00
124,1019,8,수강생,,수료,,,2026-08-08 01:54:19.600955+00:00
125,1020,8,수강생,,수료,,,2026-08-08 01:54:19.600955+00:00
126,1021,8,수강생,,수료,,,2026-08-08 01:54:19.600955+00:00
127,1022,8,수강생,,수료,,,2026-08-08 01:54:19.600955+00:00
128,1023,8,수강생,,수료,,,2026-08-08 01:54:19.600955+00:00
129,1024,8,수강생,,수료,,,2026-08-08 01:54:19.600955+00:00
130,1025,8,수강생,,수료,,,2026-08-08 01:54:19.600955+00:00
131,1026,8,수강생,,수료,,,2026-08-08 01:54:19.600955+00:00
132,1027,8,수강생,,수료,,,2026-08-08 01:54:19.600955+00:00
133,1028,8,수강생,,수료,,,2026-08-08 01:54:19.600955+00:00
134,1029,8,수강생,,수료,,,2026-08-08 01:54:19.600955+00:00
135,1030,8,수강생,,수료,,,2026-08-08 01:54:19.600955+00:00
136,1031,8,수강생,,수료,,,2026-08-08 01:54:19.600955+00:00
137,1032,8,수강생,,수료,,,2026-08-08 01:54:19.600955+00:00
138,1033,8,수강생,,수료,,,2026-08-08 01:54:19.600955+00:00
139,1034,8,수강생,,수료,,,2026-08-08 01:54:19.600955+00:00
140,1035,8,수강생,,수료,,,2026-08-08 01:54:19.600955+00:00
141,1036,8,수강생,,수료,,,2026-08-08 01:54:19.600955+00:00
142,1037,8,수강생,,수료,,,2026-08-08 01:54:19.600955+00:00
143,1038,8,수강생,,수료,,,2026-08-08 01:54:19.600955+00:00
144,1039,8,수강생,,수료,,,2026-08-08 01:54:19.600955+00:00
145,992,8,수강생,,수료,,,2026-08-08 01:54:19.600955+00:00
146,1040,8,수강생,,수료,,,2026-08-08 01:54:19.600955+00:00
147,1041,8,수강생,,수료,,,2026-08-08 01:54:19.600955+00:00
148,1042,8,수강생,,수료,,,2026-08-08 01:54:19.600955+00:00
149,1043,8,수강생,,수료,,,2026-08-08 01:54:19.600955+00:00
150,1044,8,수강생,,수료,,,2026-08-08 01:54:19.600955+00:00
151,1045,8,수강생,,수료,,,2026-08-08 01:54:19.600955+00:00
152,1046,9,수강생,,수료,,,2026-08-08 01:54:19.600955+00:00
153,1047,9,수강생,,수료,,,2026-08-08 01:54:19.600955+00:00
154,1048,9,수강생,,수료,,,2026-08-08 01:54:19.600955+00:00
155,1049,9,수강생,,수료,,,2026-08-08 01:54:19.600955+00:00
156,1050,9,수강생,,수료,,,2026-08-08 01:54:19.600955+00:00
157,1051,9,수강생,,수료,,,2026-08-08 01:54:19.600955+00:00
158,1052,9,수강생,,수료,,,2026-08-08 01:54:19.600955+00:00
159,1053,9,수강생,,수료,,,2026-08-08 01:54:19.600955+00:00
160,1054,9,수강생,,수료,,,2026-08-08 01:54:19.600955+00:00
161,1055,9,수강생,,수료,,,2026-08-08 01:54:19.600955+00:00
162,1056,9,수강생,,수료,,,2026-08-08 01:54:19.600955+00:00
163,1057,9,수강생,,수료,,,2026-08-08 01:54:19.600955+00:00
164,1058,9,수강생,,수료,,,2026-08-08 01:54:19.600955+00:00
165,1059,9,수강생,,수료,,,2026-08-08 01:54:19.600955+00:00
166,1060,9,수강생,,수료,,,2026-08-08 01:54:19.600955+00:00
167,1061,9,수강생,,수료,,,2026-08-08 01:54:19.600955+00:00
168,1062,9,수강생,,수료,,,2026-08-08 01:54:19.600955+00:00
169,1063,9,수강생,,수료,,,2026-08-08 01:54:19.600955+00:00
170,1028,9,수강생,,수료,,,2026-08-08 01:54:19.600955+00:00
171,1064,9,수강생,,수료,,,2026-08-08 01:54:19.600955+00:00
172,1065,9,수강생,,수료,,,2026-08-08 01:54:19.600955+00:00
173,1040,9,수강생,,수료,,,2026-08-08 01:54:19.600955+00:00
174,1066,9,수강생,,수료,,,2026-08-08 01:54:19.600955+00:00
175,953,9,수강생,,수료,,,2026-08-08 01:54:19.600955+00:00
176,1067,9,수강생,,수료,,,2026-08-08 01:54:19.600955+00:00
177,1068,9,수강생,,수료,,,2026-08-08 01:54:19.600955+00:00
178,1069,9,수강생,,수료,,,2026-08-08 01:54:19.600955+00:00
179,1070,9,수강생,,수료,,,2026-08-08 01:54:19.600955+00:00
180,1071,9,수강생,,수료,,,2026-08-08 01:54:19.600955+00:00
181,1072,9,수강생,,수료,,,2026-08-08 01:54:19.600955+00:00
182,1073,9,수강생,,수료,,,2026-08-08 01:54:19.600955+00:00
183,1074,9,수강생,,수료,,,2026-08-08 01:54:19.600955+00:00
184,1075,9,수강생,,수료,,,2026-08-08 01:54:19.600955+00:00
185,1076,10,수강생,,수료,,,2026-08-08 01:54:19.600955+00:00
186,1077,10,수강생,,수료,,,2026-08-08 01:54:19.600955+00:00
187,1078,10,수강생,,수료,,,2026-08-08 01:54:19.600955+00:00
188,1079,10,수강생,,수료,,,2026-08-08 01:54:19.600955+00:00
189,1080,10,수강생,,수료,,,2026-08-08 01:54:19.600955+00:00
190,1081,10,수강생,,수료,,,2026-08-08 01:54:19.600955+00:00
191,1082,10,수강생,,수료,,,2026-08-08 01:54:19.600955+00:00
192,1083,10,수강생,,수료,,,2026-08-08 01:54:19.600955+00:00
193,1084,10,수강생,,수료,,,2026-08-08 01:54:19.600955+00:00
194,1085,10,수강생,,수료,,,2026-08-08 01:54:19.600955+00:00
195,1086,10,수강생,,수료,,,2026-08-08 01:54:19.600955+00:00
196,1087,10,수강생,,수료,,,2026-08-08 01:54:19.600955+00:00
197,1088,10,수강생,,수료,,,2026-08-08 01:54:19.600955+00:00
198,1089,10,수강생,,수료,,,2026-08-08 01:54:19.600955+00:00
199,1090,10,수강생,,수료,,,2026-08-08 01:54:19.600955+00:00
200,1091,10,수강생,,수료,,,2026-08-08 01:54:19.600955+00:00
201,1092,10,수강생,,수료,,,2026-08-08 01:54:20.599620+00:00
202,1093,10,수강생,,수료,,,2026-08-08 01:54:20.599620+00:00
203,1094,10,수강생,,수료,,,2026-08-08 01:54:20.599620+00:00
204,939,10,수강생,,수료,,,2026-08-08 01:54:20.599620+00:00
205,1095,10,수강생,,수료,,,2026-08-08 01:54:20.599620+00:00
206,1096,10,수강생,,수료,,,2026-08-08 01:54:20.599620+00:00
207,1097,10,수강생,,수료,,,2026-08-08 01:54:20.599620+00:00
208,1098,10,수강생,,수료,,,2026-08-08 01:54:20.599620+00:00
209,1099,10,수강생,,수료,,,2026-08-08 01:54:20.599620+00:00
210,1100,10,수강생,,수료,,,2026-08-08 01:54:20.599620+00:00
211,1101,10,수강생,,수료,,,2026-08-08 01:54:20.599620+00:00
212,1102,10,수강생,,수료,,,2026-08-08 01:54:20.599620+00:00
213,1103,10,수강생,,수료,,,2026-08-08 01:54:20.599620+00:00
214,1104,10,수강생,,수료,,,2026-08-08 01:54:20.599620+00:00
215,1105,10,수강생,,수료,,,2026-08-08 01:54:20.599620+00:00
216,1106,11,수강생,,수료,,,2026-08-08 01:54:20.599620+00:00
217,1107,11,수강생,,수료,,,2026-08-08 01:54:20.599620+00:00
218,1108,11,수강생,,수료,,,2026-08-08 01:54:20.599620+00:00
219,1109,11,수강생,,수료,,,2026-08-08 01:54:20.599620+00:00
220,1110,11,수강생,,수료,,,2026-08-08 01:54:20.599620+00:00
221,1111,11,수강생,,수료,,,2026-08-08 01:54:20.599620+00:00
222,1112,11,수강생,,수료,,,2026-08-08 01:54:20.599620+00:00
223,1113,11,수강생,,수료,,,2026-08-08 01:54:20.599620+00:00
224,1114,11,수강생,,수료,,,2026-08-08 01:54:20.599620+00:00
225,1115,11,수강생,,수료,,,2026-08-08 01:54:20.599620+00:00
226,1116,11,수강생,,수료,,,2026-08-08 01:54:20.599620+00:00
227,1117,11,수강생,,수료,,,2026-08-08 01:54:20.599620+00:00
228,1118,11,수강생,,수료,,,2026-08-08 01:54:20.599620+00:00
229,1119,11,수강생,,수료,,,2026-08-08 01:54:20.599620+00:00
230,1120,11,수강생,,수료,,,2026-08-08 01:54:20.599620+00:00
231,1084,11,수강생,,수료,,,2026-08-08 01:54:20.599620+00:00
232,1121,11,수강생,,수료,,,2026-08-08 01:54:20.599620+00:00
233,1122,11,수강생,,수료,,,2026-08-08 01:54:20.599620+00:00
234,1123,11,수강생,,수료,,,2026-08-08 01:54:20.599620+00:00
235,1124,11,수강생,,수료,,,2026-08-08 01:54:20.599620+00:00
236,979,11,수강생,,수료,,,2026-08-08 01:54:20.599620+00:00
237,1125,11,수강생,,수료,,,2026-08-08 01:54:20.599620+00:00
238,1126,11,수강생,,수료,,,2026-08-08 01:54:20.599620+00:00
239,1127,11,수강생,,수료,,,2026-08-08 01:54:20.599620+00:00
240,1128,11,수강생,,수료,,,2026-08-08 01:54:20.599620+00:00
241,1129,11,수강생,,수료,,,2026-08-08 01:54:20.599620+00:00
242,1130,11,수강생,,수료,,,2026-08-08 01:54:20.599620+00:00
243,1131,11,수강생,,수료,,,2026-08-08 01:54:20.599620+00:00
244,1132,11,수강생,,수료,,,2026-08-08 01:54:20.599620+00:00
245,1133,11,수강생,,수료,,,2026-08-08 01:54:20.599620+00:00
246,1134,11,수강생,,수료,,,2026-08-08 01:54:20.599620+00:00
247,1135,11,수강생,,수료,,,2026-08-08 01:54:20.599620+00:00
248,1193,12,수강생,,수료,,,2026-08-08 01:54:20.599620+00:00
249,1194,12,수강생,,수료,,,2026-08-08 01:54:20.599620+00:00
250,1195,12,수강생,,수료,,,2026-08-08 01:54:20.599620+00:00
251,1196,12,수강생,,수료,,,2026-08-08 01:54:20.599620+00:00
252,1197,12,수강생,,수료,,,2026-08-08 01:54:20.599620+00:00
253,1198,12,수강생,,수료,,,2026-08-08 01:54:20.599620+00:00
254,1199,12,수강생,,수료,,,2026-08-08 01:54:20.599620+00:00
255,1200,12,수강생,,수료,,,2026-08-08 01:54:20.599620+00:00
256,1201,12,수강생,,수료,,,2026-08-08 01:54:20.599620+00:00
257,1202,12,수강생,,수료,,,2026-08-08 01:54:20.599620+00:00
258,1203,12,수강생,,수료,,,2026-08-08 01:54:20.599620+00:00
259,1204,12,수강생,,수료,,,2026-08-08 01:54:20.599620+00:00
260,1205,12,수강생,,수료,,,2026-08-08 01:54:20.599620+00:00
261,1206,12,수강생,,수료,,,2026-08-08 01:54:20.599620+00:00
262,1207,12,수강생,,수료,,,2026-08-08 01:54:20.599620+00:00
263,1208,12,수강생,,수료,,,2026-08-08 01:54:20.599620+00:00
264,1209,12,수강생,,수료,,,2026-08-08 01:54:20.599620+00:00
265,1210,12,수강생,,수료,,,2026-08-08 01:54:20.599620+00:00
266,1211,12,수강생,,수료,,,2026-08-08 01:54:20.599620+00:00
267,1212,12,수강생,,수료,,,2026-08-08 01:54:20.599620+00:00
268,1213,12,수강생,,수료,,,2026-08-08 01:54:20.599620+00:00
269,1214,12,수강생,,수료,,,2026-08-08 01:54:20.599620+00:00
270,1215,12,수강생,,수료,,,2026-08-08 01:54:20.599620+00:00
271,1216,12,수강생,,수료,,,2026-08-08 01:54:20.599620+00:00
272,1217,12,수강생,,수료,,,2026-08-08 01:54:20.599620+00:00
273,1218,12,수강생,,수료,,,2026-08-08 01:54:20.599620+00:00
274,1219,12,수강생,,수료,,,2026-08-08 01:54:20.599620+00:00
275,1220,12,수강생,,수료,,,2026-08-08 01:54:20.599620+00:00
276,1221,12,수강생,,수료,,,2026-08-08 01:54:20.599620+00:00
277,1222,12,수강생,,수료,,,2026-08-08 01:54:20.599620+00:00
278,1046,12,수강생,,수료,,,2026-08-08 01:54:20.599620+00:00
279,1223,12,수강생,,수료,,,2026-08-08 01:54:20.599620+00:00
280,1224,12,수강생,,수료,,,2026-08-08 01:54:20.599620+00:00
281,1225,21,수강생,,수료,,,2026-08-08 01:54:20.599620+00:00
282,1226,21,수강생,,수료,,,2026-08-08 01:54:20.599620+00:00
283,1227,21,수강생,,수료,,,2026-08-08 01:54:20.599620+00:00
284,1228,21,수강생,,수료,,,2026-08-08 01:54:20.599620+00:00
285,1229,21,수강생,,수료,,,2026-08-08 01:54:20.599620+00:00
286,1230,21,수강생,,수료,,,2026-08-08 01:54:20.599620+00:00
287,1231,21,수강생,,수료,,,2026-08-08 01:54:20.599620+00:00
288,1232,21,수강생,,수료,,,2026-08-08 01:54:20.599620+00:00
289,1233,21,수강생,,수료,,,2026-08-08 01:54:20.599620+00:00
290,1234,21,수강생,,수료,,,2026-08-08 01:54:20.599620+00:00
291,1235,21,수강생,,수료,,,2026-08-08 01:54:20.599620+00:00
292,1236,21,수강생,,수료,,,2026-08-08 01:54:20.599620+00:00
293,1076,21,수강생,,수료,,,2026-08-08 01:54:20.599620+00:00
294,1237,21,수강생,,수료,,,2026-08-08 01:54:20.599620+00:00
295,1238,21,수강생,,수료,,,2026-08-08 01:54:20.599620+00:00
296,1239,21,수강생,,수료,,,2026-08-08 01:54:20.599620+00:00
297,1240,21,수강생,,수료,,,2026-08-08 01:54:20.599620+00:00
298,1241,21,수강생,,수료,,,2026-08-08 01:54:20.599620+00:00
299,1242,21,수강생,,수료,,,2026-08-08 01:54:20.599620+00:00
300,1243,21,수강생,,수료,,,2026-08-08 01:54:20.599620+00:00
301,1244,21,수강생,,수료,,,2026-08-08 01:54:20.599620+00:00
302,1245,21,수강생,,수료,,,2026-08-08 01:54:20.599620+00:00
303,1246,21,수강생,,수료,,,2026-08-08 01:54:20.599620+00:00
304,1247,21,수강생,,수료,,,2026-08-08 01:54:20.599620+00:00
305,1248,21,수강생,,수료,,,2026-08-08 01:54:20.599620+00:00
306,1249,21,수강생,,수료,,,2026-08-08 01:54:20.599620+00:00
307,1250,21,수강생,,수료,,,2026-08-08 01:54:20.599620+00:00
308,1251,21,수강생,,수료,,,2026-08-08 01:54:20.599620+00:00
309,1252,21,수강생,,수료,,,2026-08-08 01:54:20.599620+00:00
310,1253,21,수강생,,수료,,,2026-08-08 01:54:20.599620+00:00
311,1254,21,수강생,,수료,,,2026-08-08 01:54:20.599620+00:00
312,1255,21,수강생,,수료,,,2026-08-08 01:54:20.599620+00:00
313,1256,21,수강생,,수료,,,2026-08-08 01:54:20.599620+00:00
314,1257,21,수강생,,수료,,,2026-08-08 01:54:20.599620+00:00
315,1258,21,수강생,,수료,,,2026-08-08 01:54:20.599620+00:00
316,1259,20,수강생,,수료,,,2026-08-08 01:54:20.599620+00:00
317,1260,20,수강생,,수료,,,2026-08-08 01:54:20.599620+00:00
318,1261,20,수강생,,수료,,,2026-08-08 01:54:20.599620+00:00
319,1262,20,수강생,,수료,,,2026-08-08 01:54:20.599620+00:00
320,1263,20,수강생,,수료,,,2026-08-08 01:54:20.599620+00:00
321,1264,20,수강생,,수료,,,2026-08-08 01:54:20.599620+00:00
322,1265,20,수강생,,수료,,,2026-08-08 01:54:20.599620+00:00
323,1266,20,수강생,,수료,,,2026-08-08 01:54:20.599620+00:00
324,1267,20,수강생,,수료,,,2026-08-08 01:54:20.599620+00:00
325,1268,20,수강생,,수료,,,2026-08-08 01:54:20.599620+00:00
326,1269,20,수강생,,수료,,,2026-08-08 01:54:20.599620+00:00
327,1270,20,수강생,,수료,,,2026-08-08 01:54:20.599620+00:00
328,1271,20,수강생,,수료,,,2026-08-08 01:54:20.599620+00:00
329,1272,20,수강생,,수료,,,2026-08-08 01:54:20.599620+00:00
330,1273,20,수강생,,수료,,,2026-08-08 01:54:20.599620+00:00
331,1274,20,수강생,,수료,,,2026-08-08 01:54:20.599620+00:00
332,1275,20,수강생,,수료,,,2026-08-08 01:54:20.599620+00:00
333,1276,20,수강생,,수료,,,2026-08-08 01:54:20.599620+00:00
334,1277,20,수강생,,수료,,,2026-08-08 01:54:20.599620+00:00
335,1278,20,수강생,,수료,,,2026-08-08 01:54:20.599620+00:00
336,1279,20,수강생,,수료,,,2026-08-08 01:54:20.599620+00:00
337,1280,20,수강생,,수료,,,2026-08-08 01:54:20.599620+00:00
338,1281,20,수강생,,수료,,,2026-08-08 01:54:20.599620+00:00
339,1282,20,수강생,,수료,,,2026-08-08 01:54:20.599620+00:00
340,1283,20,수강생,,수료,,,2026-08-08 01:54:20.599620+00:00
341,1284,20,수강생,,수료,,,2026-08-08 01:54:20.599620+00:00
342,1285,20,수강생,,수료,,,2026-08-08 01:54:20.599620+00:00
343,1286,20,수강생,,수료,,,2026-08-08 01:54:20.599620+00:00
344,1287,20,수강생,,수료,,,2026-08-08 01:54:20.599620+00:00
345,1288,20,수강생,,수료,,,2026-08-08 01:54:20.599620+00:00
346,1289,20,수강생,,수료,,,2026-08-08 01:54:20.599620+00:00
347,1290,20,수강생,,수료,,,2026-08-08 01:54:20.599620+00:00
348,1291,20,수강생,,수료,,,2026-08-08 01:54:20.599620+00:00
349,1292,20,수강생,,수료,,,2026-08-08 01:54:20.599620+00:00
350,1293,20,수강생,,수료,,,2026-08-08 01:54:20.599620+00:00
351,1294,20,수강생,,수료,,,2026-08-08 01:54:20.599620+00:00
352,1295,19,수강생,,수료,,,2026-08-08 01:54:20.599620+00:00
353,1296,19,수강생,,수료,,,2026-08-08 01:54:20.599620+00:00
354,1297,19,수강생,,수료,,,2026-08-08 01:54:20.599620+00:00
355,1298,19,수강생,,수료,,,2026-08-08 01:54:20.599620+00:00
356,1055,19,수강생,,수료,,,2026-08-08 01:54:20.599620+00:00
357,1299,19,수강생,,수료,,,2026-08-08 01:54:20.599620+00:00
358,1300,19,수강생,,수료,,,2026-08-08 01:54:20.599620+00:00
359,1301,19,수강생,,수료,,,2026-08-08 01:54:20.599620+00:00
360,1302,19,수강생,,수료,,,2026-08-08 01:54:20.599620+00:00
361,1303,19,수강생,,수료,,,2026-08-08 01:54:20.599620+00:00
362,1304,19,수강생,,수료,,,2026-08-08 01:54:20.599620+00:00
363,1305,19,수강생,,수료,,,2026-08-08 01:54:20.599620+00:00
364,1306,19,수강생,,수료,,,2026-08-08 01:54:20.599620+00:00
365,1307,19,수강생,,수료,,,2026-08-08 01:54:20.599620+00:00
366,1308,19,수강생,,수료,,,2026-08-08 01:54:20.599620+00:00
367,1309,19,수강생,,수료,,,2026-08-08 01:54:20.599620+00:00
368,1310,19,수강생,,수료,,,2026-08-08 01:54:20.599620+00:00
369,1311,19,수강생,,수료,,,2026-08-08 01:54:20.599620+00:00
370,1312,19,수강생,,수료,,,2026-08-08 01:54:20.599620+00:00
371,1313,19,수강생,,수료,,,2026-08-08 01:54:20.599620+00:00
372,1314,19,수강생,,수료,,,2026-08-08 01:54:20.599620+00:00
373,1315,19,수강생,,수료,,,2026-08-08 01:54:20.599620+00:00
374,1316,19,수강생,,수료,,,2026-08-08 01:54:20.599620+00:00
375,1317,19,수강생,,수료,,,2026-08-08 01:54:20.599620+00:00
376,1318,19,수강생,,수료,,,2026-08-08 01:54:20.599620+00:00
377,1084,19,수강생,,수료,,,2026-08-08 01:54:20.599620+00:00
378,1319,19,수강생,,수료,,,2026-08-08 01:54:20.599620+00:00
379,1320,19,수강생,,수료,,,2026-08-08 01:54:20.599620+00:00
380,1321,19,수강생,,수료,,,2026-08-08 01:54:20.599620+00:00
381,1322,19,수강생,,수료,,,2026-08-08 01:54:20.599620+00:00
382,1323,19,수강생,,수료,,,2026-08-08 01:54:20.599620+00:00
383,1324,19,수강생,,수료,,,2026-08-08 01:54:20.599620+00:00
384,1325,19,수강생,,수료,,,2026-08-08 01:54:20.599620+00:00
385,1326,19,수강생,,수료,,,2026-08-08 01:54:20.599620+00:00
386,1327,19,수강생,,수료,,,2026-08-08 01:54:20.599620+00:00
387,1328,19,수강생,,수료,,,2026-08-08 01:54:20.599620+00:00
388,1329,19,수강생,,수료,,,2026-08-08 01:54:20.599620+00:00
389,1330,19,수강생,,수료,,,2026-08-08 01:54:20.599620+00:00
390,1331,19,수강생,,수료,,,2026-08-08 01:54:20.599620+00:00
391,1332,18,수강생,,수료,,,2026-08-08 01:54:20.599620+00:00
392,1333,18,수강생,,수료,,,2026-08-08 01:54:20.599620+00:00
393,1334,18,수강생,,수료,,,2026-08-08 01:54:20.599620+00:00
394,1335,18,수강생,,수료,,,2026-08-08 01:54:20.599620+00:00
395,1336,18,수강생,,수료,,,2026-08-08 01:54:20.599620+00:00
396,995,18,수강생,,수료,,,2026-08-08 01:54:20.599620+00:00
397,1337,18,수강생,,수료,,,2026-08-08 01:54:20.599620+00:00
398,1338,18,수강생,,수료,,,2026-08-08 01:54:20.599620+00:00
399,1339,18,수강생,,수료,,,2026-08-08 01:54:20.599620+00:00
400,1340,18,수강생,,수료,,,2026-08-08 01:54:20.599620+00:00
401,1341,18,수강생,,수료,,,2026-08-08 01:54:21.424080+00:00
402,1342,18,수강생,,수료,,,2026-08-08 01:54:21.424080+00:00
403,1343,18,수강생,,수료,,,2026-08-08 01:54:21.424080+00:00
404,1344,18,수강생,,수료,,,2026-08-08 01:54:21.424080+00:00
405,1345,18,수강생,,수료,,,2026-08-08 01:54:21.424080+00:00
406,1346,18,수강생,,수료,,,2026-08-08 01:54:21.424080+00:00
407,1347,18,수강생,,수료,,,2026-08-08 01:54:21.424080+00:00
408,1348,18,수강생,,수료,,,2026-08-08 01:54:21.424080+00:00
409,1349,18,수강생,,수료,,,2026-08-08 01:54:21.424080+00:00
410,1350,18,수강생,,수료,,,2026-08-08 01:54:21.424080+00:00
411,1351,18,수강생,,수료,,,2026-08-08 01:54:21.424080+00:00
412,1352,18,수강생,,수료,,,2026-08-08 01:54:21.424080+00:00
413,1353,18,수강생,,수료,,,2026-08-08 01:54:21.424080+00:00
414,1354,18,수강생,,수료,,,2026-08-08 01:54:21.424080+00:00
415,1355,18,수강생,,수료,,,2026-08-08 01:54:21.424080+00:00
416,1356,18,수강생,,수료,,,2026-08-08 01:54:21.424080+00:00
417,1357,18,수강생,,수료,,,2026-08-08 01:54:21.424080+00:00
418,1358,18,수강생,,수료,,,2026-08-08 01:54:21.424080+00:00
419,1359,18,수강생,,수료,,,2026-08-08 01:54:21.424080+00:00
420,1360,18,수강생,,수료,,,2026-08-08 01:54:21.424080+00:00
421,1361,18,수강생,,수료,,,2026-08-08 01:54:21.424080+00:00
422,1362,18,수강생,,수료,,,2026-08-08 01:54:21.424080+00:00
423,1363,18,수강생,,수료,,,2026-08-08 01:54:21.424080+00:00
424,1364,18,수강생,,수료,,,2026-08-08 01:54:21.424080+00:00
425,1365,18,수강생,,수료,,,2026-08-08 01:54:21.424080+00:00
426,1366,18,수강생,,수료,,,2026-08-08 01:54:21.424080+00:00
427,1367,18,수강생,,수료,,,2026-08-08 01:54:21.424080+00:00
428,1368,18,수강생,,수료,,,2026-08-08 01:54:21.424080+00:00
429,1369,18,수강생,,수료,,,2026-08-08 01:54:21.424080+00:00
430,1370,18,수강생,,수료,,,2026-08-08 01:54:21.424080+00:00
431,1371,18,수강생,,수료,,,2026-08-08 01:54:21.424080+00:00
432,1372,18,수강생,,수료,,,2026-08-08 01:54:21.424080+00:00
433,1373,18,수강생,,수료,,,2026-08-08 01:54:21.424080+00:00
434,1374,18,수강생,,수료,,,2026-08-08 01:54:21.424080+00:00
435,1375,18,수강생,,수료,,,2026-08-08 01:54:21.424080+00:00
436,1376,17,수강생,,수료,,,2026-08-08 01:54:21.424080+00:00
437,1377,17,수강생,,수료,,,2026-08-08 01:54:21.424080+00:00
438,1378,17,수강생,,수료,,,2026-08-08 01:54:21.424080+00:00
439,1379,17,수강생,,수료,,,2026-08-08 01:54:21.424080+00:00
440,896,17,수강생,,수료,,,2026-08-08 01:54:21.424080+00:00
441,1380,17,수강생,,수료,,,2026-08-08 01:54:21.424080+00:00
442,1381,17,수강생,,수료,,,2026-08-08 01:54:21.424080+00:00
443,1382,17,수강생,,수료,,,2026-08-08 01:54:21.424080+00:00
444,1383,17,수강생,,수료,,,2026-08-08 01:54:21.424080+00:00
445,1384,17,수강생,,수료,,,2026-08-08 01:54:21.424080+00:00
446,1385,17,수강생,,수료,,,2026-08-08 01:54:21.424080+00:00
447,1386,17,수강생,,수료,,,2026-08-08 01:54:21.424080+00:00
448,1387,17,수강생,,수료,,,2026-08-08 01:54:21.424080+00:00
449,920,17,수강생,,수료,,,2026-08-08 01:54:21.424080+00:00
450,1388,17,수강생,,수료,,,2026-08-08 01:54:21.424080+00:00
451,1389,17,수강생,,수료,,,2026-08-08 01:54:21.424080+00:00
452,1145,17,수강생,,수료,,,2026-08-08 01:54:21.424080+00:00
453,1390,17,수강생,,수료,,,2026-08-08 01:54:21.424080+00:00
454,1391,17,수강생,,수료,,,2026-08-08 01:54:21.424080+00:00
455,1392,17,수강생,,수료,,,2026-08-08 01:54:21.424080+00:00
456,1393,17,수강생,,수료,,,2026-08-08 01:54:21.424080+00:00
457,1394,17,수강생,,수료,,,2026-08-08 01:54:21.424080+00:00
458,936,17,수강생,,수료,,,2026-08-08 01:54:21.424080+00:00
459,1395,17,수강생,,수료,,,2026-08-08 01:54:21.424080+00:00
460,1396,17,수강생,,수료,,,2026-08-08 01:54:21.424080+00:00
461,1028,17,수강생,,수료,,,2026-08-08 01:54:21.424080+00:00
462,1397,17,수강생,,수료,,,2026-08-08 01:54:21.424080+00:00
463,1398,17,수강생,,수료,,,2026-08-08 01:54:21.424080+00:00
464,1399,17,수강생,,수료,,,2026-08-08 01:54:21.424080+00:00
465,1400,17,수강생,,수료,,,2026-08-08 01:54:21.424080+00:00
466,1401,17,수강생,,수료,,,2026-08-08 01:54:21.424080+00:00
467,992,17,수강생,,수료,,,2026-08-08 01:54:21.424080+00:00
468,1402,17,수강생,,수료,,,2026-08-08 01:54:21.424080+00:00
469,1403,17,수강생,,수료,,,2026-08-08 01:54:21.424080+00:00
470,1404,17,수강생,,수료,,,2026-08-08 01:54:21.424080+00:00
471,1405,16,수강생,,수료,,,2026-08-08 01:54:21.424080+00:00
472,1406,16,수강생,,수료,,,2026-08-08 01:54:21.424080+00:00
473,1407,16,수강생,,수료,,,2026-08-08 01:54:21.424080+00:00
474,1408,16,수강생,,수료,,,2026-08-08 01:54:21.424080+00:00
475,1409,16,수강생,,수료,,,2026-08-08 01:54:21.424080+00:00
476,1410,16,수강생,,수료,,,2026-08-08 01:54:21.424080+00:00
477,1411,16,수강생,,수료,,,2026-08-08 01:54:21.424080+00:00
478,1412,16,수강생,,수료,,,2026-08-08 01:54:21.424080+00:00
479,946,16,수강생,,수료,,,2026-08-08 01:54:21.424080+00:00
480,1413,16,수강생,,수료,,,2026-08-08 01:54:21.424080+00:00
481,1414,16,수강생,,수료,,,2026-08-08 01:54:21.424080+00:00
482,1415,16,수강생,,수료,,,2026-08-08 01:54:21.424080+00:00
483,1416,16,수강생,,수료,,,2026-08-08 01:54:21.424080+00:00
484,1417,16,수강생,,수료,,,2026-08-08 01:54:21.424080+00:00
485,1418,16,수강생,,수료,,,2026-08-08 01:54:21.424080+00:00
486,1419,16,수강생,,수료,,,2026-08-08 01:54:21.424080+00:00
487,1420,16,수강생,,수료,,,2026-08-08 01:54:21.424080+00:00
488,1421,16,수강생,,수료,,,2026-08-08 01:54:21.424080+00:00
489,1422,16,수강생,,수료,,,2026-08-08 01:54:21.424080+00:00
490,1423,16,수강생,,수료,,,2026-08-08 01:54:21.424080+00:00
491,1424,16,수강생,,수료,,,2026-08-08 01:54:21.424080+00:00
492,1425,16,수강생,,수료,,,2026-08-08 01:54:21.424080+00:00
493,1426,16,수강생,,수료,,,2026-08-08 01:54:21.424080+00:00
494,1427,16,수강생,,수료,,,2026-08-08 01:54:21.424080+00:00
495,1428,16,수강생,,수료,,,2026-08-08 01:54:21.424080+00:00
496,1429,16,수강생,,수료,,,2026-08-08 01:54:21.424080+00:00
497,1430,16,수강생,,수료,,,2026-08-08 01:54:21.424080+00:00
498,1431,16,수강생,,수료,,,2026-08-08 01:54:21.424080+00:00
499,1432,16,수강생,,수료,,,2026-08-08 01:54:21.424080+00:00
500,1433,16,수강생,,수료,,,2026-08-08 01:54:21.424080+00:00
501,1434,16,수강생,,수료,,,2026-08-08 01:54:21.424080+00:00
502,1435,16,수강생,,수료,,,2026-08-08 01:54:21.424080+00:00
503,1436,16,수강생,,수료,,,2026-08-08 01:54:21.424080+00:00
504,1437,16,수강생,,수료,,,2026-08-08 01:54:21.424080+00:00
505,1438,16,수강생,,수료,,,2026-08-08 01:54:21.424080+00:00
506,1439,16,수강생,,수료,,,2026-08-08 01:54:21.424080+00:00
507,1440,16,수강생,,수료,,,2026-08-08 01:54:21.424080+00:00
508,1441,16,수강생,,수료,,,2026-08-08 01:54:21.424080+00:00
509,1442,16,수강생,,수료,,,2026-08-08 01:54:21.424080+00:00
510,1443,16,수강생,,수료,,,2026-08-08 01:54:21.424080+00:00
511,1444,16,수강생,,수료,,,2026-08-08 01:54:21.424080+00:00
512,1445,16,수강생,,수료,,,2026-08-08 01:54:21.424080+00:00
513,1446,16,수강생,,수료,,,2026-08-08 01:54:21.424080+00:00
514,1447,16,수강생,,수료,,,2026-08-08 01:54:21.424080+00:00
515,1448,16,수강생,,수료,,,2026-08-08 01:54:21.424080+00:00
516,1449,15,수강생,,수료,,,2026-08-08 01:54:21.424080+00:00
517,1450,15,수강생,,수료,,,2026-08-08 01:54:21.424080+00:00
518,1451,15,수강생,,수료,,,2026-08-08 01:54:21.424080+00:00
519,1452,15,수강생,,수료,,,2026-08-08 01:54:21.424080+00:00
520,1453,15,수강생,,수료,,,2026-08-08 01:54:21.424080+00:00
521,1454,15,수강생,,수료,,,2026-08-08 01:54:21.424080+00:00
522,1455,15,수강생,,수료,,,2026-08-08 01:54:21.424080+00:00
523,1456,15,수강생,,수료,,,2026-08-08 01:54:21.424080+00:00
524,1457,15,수강생,,수료,,,2026-08-08 01:54:21.424080+00:00
525,1458,15,수강생,,수료,,,2026-08-08 01:54:21.424080+00:00
526,1459,15,수강생,,수료,,,2026-08-08 01:54:21.424080+00:00
527,1460,15,수강생,,수료,,,2026-08-08 01:54:21.424080+00:00
528,1461,15,수강생,,수료,,,2026-08-08 01:54:21.424080+00:00
529,1462,15,수강생,,수료,,,2026-08-08 01:54:21.424080+00:00
530,1463,15,수강생,,수료,,,2026-08-08 01:54:21.424080+00:00
531,1464,15,수강생,,수료,,,2026-08-08 01:54:21.424080+00:00
532,1465,15,수강생,,수료,,,2026-08-08 01:54:21.424080+00:00
533,1466,15,수강생,,수료,,,2026-08-08 01:54:21.424080+00:00
534,1467,15,수강생,,수료,,,2026-08-08 01:54:21.424080+00:00
535,1468,15,수강생,,수료,,,2026-08-08 01:54:21.424080+00:00
536,1469,15,수강생,,수료,,,2026-08-08 01:54:21.424080+00:00
537,1470,15,수강생,,수료,,,2026-08-08 01:54:21.424080+00:00
538,1471,15,수강생,,수료,,,2026-08-08 01:54:21.424080+00:00
539,1472,15,수강생,,수료,,,2026-08-08 01:54:21.424080+00:00
540,1473,15,수강생,,수료,,,2026-08-08 01:54:21.424080+00:00
541,1474,15,수강생,,수료,,,2026-08-08 01:54:21.424080+00:00
542,1475,15,수강생,,수료,,,2026-08-08 01:54:21.424080+00:00
543,1476,15,수강생,,수료,,,2026-08-08 01:54:21.424080+00:00
544,1477,15,수강생,,수료,,,2026-08-08 01:54:21.424080+00:00
545,1478,15,수강생,,수료,,,2026-08-08 01:54:21.424080+00:00
546,1479,15,수강생,,수료,,,2026-08-08 01:54:21.424080+00:00
547,1480,15,수강생,,수료,,,2026-08-08 01:54:21.424080+00:00
548,1481,15,수강생,,수료,,,2026-08-08 01:54:21.424080+00:00
549,1482,15,수강생,,수료,,,2026-08-08 01:54:21.424080+00:00
550,1483,15,수강생,,수료,,,2026-08-08 01:54:21.424080+00:00
551,1484,15,수강생,,수료,,,2026-08-08 01:54:21.424080+00:00
552,1485,15,수강생,,수료,,,2026-08-08 01:54:21.424080+00:00
553,1486,14,수강생,,수료,,,2026-08-08 01:54:21.424080+00:00
554,1487,14,수강생,,수료,,,2026-08-08 01:54:21.424080+00:00
555,1488,14,수강생,,수료,,,2026-08-08 01:54:21.424080+00:00
556,1489,14,수강생,,수료,,,2026-08-08 01:54:21.424080+00:00
557,1490,14,수강생,,수료,,,2026-08-08 01:54:21.424080+00:00
558,1491,14,수강생,,수료,,,2026-08-08 01:54:21.424080+00:00
559,1492,14,수강생,,수료,,,2026-08-08 01:54:21.424080+00:00
560,1493,14,수강생,,수료,,,2026-08-08 01:54:21.424080+00:00
561,1494,14,수강생,,수료,,,2026-08-08 01:54:21.424080+00:00
562,1495,14,수강생,,수료,,,2026-08-08 01:54:21.424080+00:00
563,1496,14,수강생,,수료,,,2026-08-08 01:54:21.424080+00:00
564,1497,14,수강생,,수료,,,2026-08-08 01:54:21.424080+00:00
565,1498,14,수강생,,수료,,,2026-08-08 01:54:21.424080+00:00
566,1499,14,수강생,,수료,,,2026-08-08 01:54:21.424080+00:00
567,923,14,수강생,,수료,,,2026-08-08 01:54:21.424080+00:00
568,1500,14,수강생,,수료,,,2026-08-08 01:54:21.424080+00:00
569,1501,14,수강생,,수료,,,2026-08-08 01:54:21.424080+00:00
570,1502,14,수강생,,수료,,,2026-08-08 01:54:21.424080+00:00
571,1503,14,수강생,,수료,,,2026-08-08 01:54:21.424080+00:00
572,1504,14,수강생,,수료,,,2026-08-08 01:54:21.424080+00:00
573,1505,14,수강생,,수료,,,2026-08-08 01:54:21.424080+00:00
574,1506,14,수강생,,수료,,,2026-08-08 01:54:21.424080+00:00
575,1507,14,수강생,,수료,,,2026-08-08 01:54:21.424080+00:00
576,1508,14,수강생,,수료,,,2026-08-08 01:54:21.424080+00:00
577,1509,14,수강생,,수료,,,2026-08-08 01:54:21.424080+00:00
578,1510,14,수강생,,수료,,,2026-08-08 01:54:21.424080+00:00
579,1511,14,수강생,,수료,,,2026-08-08 01:54:21.424080+00:00
580,1512,14,수강생,,수료,,,2026-08-08 01:54:21.424080+00:00
581,1513,14,수강생,,수료,,,2026-08-08 01:54:21.424080+00:00
582,1514,14,수강생,,수료,,,2026-08-08 01:54:21.424080+00:00
583,1515,14,수강생,,수료,,,2026-08-08 01:54:21.424080+00:00
584,1516,14,수강생,,수료,,,2026-08-08 01:54:21.424080+00:00
585,1517,14,수강생,,수료,,,2026-08-08 01:54:21.424080+00:00
586,1518,14,수강생,,수료,,,2026-08-08 01:54:21.424080+00:00
587,926,14,수강생,,수료,,,2026-08-08 01:54:21.424080+00:00
588,1519,14,수강생,,수료,,,2026-08-08 01:54:21.424080+00:00
589,1520,14,수강생,,수료,,,2026-08-08 01:54:21.424080+00:00
590,1521,14,수강생,,수료,,,2026-08-08 01:54:21.424080+00:00
591,1522,14,수강생,,수료,,,2026-08-08 01:54:21.424080+00:00
592,1523,14,수강생,,수료,,,2026-08-08 01:54:21.424080+00:00
593,1524,14,수강생,,수료,,,2026-08-08 01:54:21.424080+00:00
594,1525,14,수강생,,수료,,,2026-08-08 01:54:21.424080+00:00
595,1526,14,수강생,,수료,,,2026-08-08 01:54:21.424080+00:00
596,1527,13,수강생,,수료,,,2026-08-08 01:54:21.424080+00:00
597,1528,13,수강생,,수료,,,2026-08-08 01:54:21.424080+00:00
598,1529,13,수강생,,수료,,,2026-08-08 01:54:21.424080+00:00
599,1530,13,수강생,,수료,,,2026-08-08 01:54:21.424080+00:00
600,1531,13,수강생,,수료,,,2026-08-08 01:54:21.424080+00:00
601,1137,13,수강생,,수료,,,2026-08-08 01:54:22.808457+00:00
602,1532,13,수강생,,수료,,,2026-08-08 01:54:22.808457+00:00
603,1533,13,수강생,,수료,,,2026-08-08 01:54:22.808457+00:00
604,1534,13,수강생,,수료,,,2026-08-08 01:54:22.808457+00:00
605,1535,13,수강생,,수료,,,2026-08-08 01:54:22.808457+00:00
606,1536,13,수강생,,수료,,,2026-08-08 01:54:22.808457+00:00
607,1537,13,수강생,,수료,,,2026-08-08 01:54:22.808457+00:00
608,1538,13,수강생,,수료,,,2026-08-08 01:54:22.808457+00:00
609,1539,13,수강생,,수료,,,2026-08-08 01:54:22.808457+00:00
610,1540,13,수강생,,수료,,,2026-08-08 01:54:22.808457+00:00
611,1541,13,수강생,,수료,,,2026-08-08 01:54:22.808457+00:00
612,1542,13,수강생,,수료,,,2026-08-08 01:54:22.808457+00:00
613,1543,13,수강생,,수료,,,2026-08-08 01:54:22.808457+00:00
614,1544,13,수강생,,수료,,,2026-08-08 01:54:22.808457+00:00
615,1545,13,수강생,,수료,,,2026-08-08 01:54:22.808457+00:00
616,1546,13,수강생,,수료,,,2026-08-08 01:54:22.808457+00:00
617,1547,13,수강생,,수료,,,2026-08-08 01:54:22.808457+00:00
618,1548,13,수강생,,수료,,,2026-08-08 01:54:22.808457+00:00
619,1549,13,수강생,,수료,,,2026-08-08 01:54:22.808457+00:00
620,945,13,수강생,,수료,,,2026-08-08 01:54:22.808457+00:00
621,1144,13,수강생,,수료,,,2026-08-08 01:54:22.808457+00:00
622,1550,13,수강생,,수료,,,2026-08-08 01:54:22.808457+00:00
623,1551,13,수강생,,수료,,,2026-08-08 01:54:22.808457+00:00
624,1552,13,수강생,,수료,,,2026-08-08 01:54:22.808457+00:00
625,1553,13,수강생,,수료,,,2026-08-08 01:54:22.808457+00:00
626,1554,13,수강생,,수료,,,2026-08-08 01:54:22.808457+00:00
627,1555,13,수강생,,수료,,,2026-08-08 01:54:22.808457+00:00
628,1556,13,수강생,,수료,,,2026-08-08 01:54:22.808457+00:00
629,1557,13,수강생,,수료,,,2026-08-08 01:54:22.808457+00:00
630,1558,13,수강생,,수료,,,2026-08-08 01:54:22.808457+00:00
631,1559,13,수강생,,수료,,,2026-08-08 01:54:22.808457+00:00
632,1560,13,수강생,,수료,,,2026-08-08 01:54:22.808457+00:00
633,1561,13,수강생,,수료,,,2026-08-08 01:54:22.808457+00:00
634,1562,13,수강생,,수료,,,2026-08-08 01:54:22.808457+00:00
635,1563,13,수강생,,수료,,,2026-08-08 01:54:22.808457+00:00
636,1564,13,수강생,,수료,,,2026-08-08 01:54:22.808457+00:00
637,917,13,수강생,,수료,,,2026-08-08 01:54:22.808457+00:00
638,1565,13,수강생,,수료,,,2026-08-08 01:54:22.808457+00:00
639,1566,13,수강생,,수료,,,2026-08-08 01:54:22.808457+00:00
640,1567,13,수강생,,수료,,,2026-08-08 01:54:22.808457+00:00
641,1568,13,수강생,,수료,,,2026-08-08 01:54:22.808457+00:00
642,1252,3,수강생,,수강중,,,2026-08-08 01:54:22.808457+00:00
643,1230,3,수강생,,수강중,,,2026-08-08 01:54:22.808457+00:00
644,1621,3,수강생,,수강중,,,2026-08-08 01:54:22.808457+00:00
645,1193,3,수강생,,수강중,,,2026-08-08 01:54:22.808457+00:00
646,1622,3,수강생,,수강중,,,2026-08-08 01:54:22.808457+00:00
647,1623,3,수강생,,수강중,,,2026-08-08 01:54:22.808457+00:00
648,1624,3,수강생,,수강중,,,2026-08-08 01:54:22.808457+00:00
649,1625,3,수강생,,수강중,,,2026-08-08 01:54:22.808457+00:00
650,1398,3,수강생,,수강중,,,2026-08-08 01:54:22.808457+00:00
651,1626,3,수강생,,수강중,,,2026-08-08 01:54:22.808457+00:00
652,1627,3,수강생,,수강중,,,2026-08-08 01:54:22.808457+00:00
653,1628,3,수강생,,수강중,,,2026-08-08 01:54:22.808457+00:00
654,1629,3,수강생,,수강중,,,2026-08-08 01:54:22.808457+00:00
655,1630,3,수강생,,수강중,,,2026-08-08 01:54:22.808457+00:00
656,1631,3,수강생,,수강중,,,2026-08-08 01:54:22.808457+00:00
657,1632,3,수강생,,수강중,,,2026-08-08 01:54:22.808457+00:00
658,1633,3,수강생,,수강중,,,2026-08-08 01:54:22.808457+00:00
659,1634,3,수강생,,수강중,,,2026-08-08 01:54:22.808457+00:00
660,1635,3,수강생,,수강중,,,2026-08-08 01:54:22.808457+00:00
661,1340,3,수강생,,수강중,,,2026-08-08 01:54:22.808457+00:00
662,1636,2,수강생,,수강중,,,2026-08-08 01:54:22.808457+00:00
663,1637,2,수강생,,수강중,,,2026-08-08 01:54:22.808457+00:00
664,1638,2,수강생,,수강중,,,2026-08-08 01:54:22.808457+00:00
665,1639,2,수강생,,수강중,,,2026-08-08 01:54:22.808457+00:00
666,1640,2,수강생,,수강중,,,2026-08-08 01:54:22.808457+00:00
667,1493,2,수강생,,수강중,,,2026-08-08 01:54:22.808457+00:00
668,1641,2,수강생,,수강중,,,2026-08-08 01:54:22.808457+00:00
669,1161,2,수강생,,수강중,,,2026-08-08 01:54:22.808457+00:00
670,1642,2,수강생,,수강중,,,2026-08-08 01:54:22.808457+00:00
671,1643,2,수강생,,수강중,,,2026-08-08 01:54:22.808457+00:00
672,1644,2,수강생,,수강중,,,2026-08-08 01:54:22.808457+00:00
673,1645,2,수강생,,수강중,,,2026-08-08 01:54:22.808457+00:00
674,1325,2,수강생,,수강중,,,2026-08-08 01:54:22.808457+00:00
675,1342,2,수강생,,수강중,,,2026-08-08 01:54:22.808457+00:00
676,1266,2,수강생,,수강중,,,2026-08-08 01:54:22.808457+00:00
677,1646,2,수강생,,수강중,,,2026-08-08 01:54:22.808457+00:00
678,1234,2,수강생,,수강중,,,2026-08-08 01:54:22.808457+00:00
679,1390,2,수강생,,수강중,,,2026-08-08 01:54:22.808457+00:00
680,938,2,수강생,,수강중,,,2026-08-08 01:54:22.808457+00:00
681,1647,1,수강생,,수강중,,,2026-08-08 01:54:22.808457+00:00
682,1648,1,수강생,,수강중,,,2026-08-08 01:54:22.808457+00:00
683,1649,1,수강생,,수강중,,,2026-08-08 01:54:22.808457+00:00
684,1650,1,수강생,,수강중,,,2026-08-08 01:54:22.808457+00:00
685,1151,1,수강생,,수강중,,,2026-08-08 01:54:22.808457+00:00
686,1139,1,수강생,,수강중,,,2026-08-08 01:54:22.808457+00:00
687,946,1,수강생,,수강중,,,2026-08-08 01:54:22.808457+00:00
688,1651,1,수강생,,수강중,,,2026-08-08 01:54:22.808457+00:00
689,1652,1,수강생,,수강중,,,2026-08-08 01:54:22.808457+00:00
690,1653,1,수강생,,수강중,,,2026-08-08 01:54:22.808457+00:00
691,1654,1,수강생,,수강중,,,2026-08-08 01:54:22.808457+00:00
692,1655,1,수강생,,수강중,,,2026-08-08 01:54:22.808457+00:00
693,1557,1,수강생,,수강중,,,2026-08-08 01:54:22.808457+00:00
694,1656,1,수강생,,수강중,,,2026-08-08 01:54:22.808457+00:00
695,1657,1,수강생,,수강중,,,2026-08-08 01:54:22.808457+00:00
696,1658,1,수강생,,수강중,,,2026-08-08 01:54:22.808457+00:00
697,1659,1,수강생,,수강중,,,2026-08-08 01:54:22.808457+00:00
698,1660,1,수강생,,수강중,,,2026-08-08 01:54:22.808457+00:00
699,951,23,강사,,N/A,,연도: 2021.0 / 주제: 기술사업화,2026-08-08 01:54:27.651385+00:00
700,1136,23,강사,,N/A,,연도: 2023-2026 / 주제: 푸드테크 정책,2026-08-08 01:54:27.651385+00:00
701,1137,23,강사,,N/A,,연도: 2020-2023 / 주제: 스타트업 개론·준비,2026-08-08 01:54:27.651385+00:00
702,946,23,강사,,N/A,,연도: 2019-2026 / 주제: 스타트업 창업사례(학부생),2026-08-08 01:54:27.651385+00:00
703,1138,23,강사,,N/A,,연도: 2019-2020 / 주제: 푸드테크 산업,2026-08-08 01:54:27.651385+00:00
704,1139,23,강사,,N/A,,연도: 2021.0 / 주제: 융합경영,2026-08-08 01:54:27.651385+00:00
705,1140,23,강사,,N/A,,연도: 2023.0 / 주제: 마케팅,2026-08-08 01:54:27.651385+00:00
706,1141,23,강사,,N/A,,"연도: 2020-2024, 2026 / 주제: 기업가정신",2026-08-08 01:54:27.651385+00:00
707,1142,23,강사,,N/A,,연도: 2019.0,2026-08-08 01:54:27.651385+00:00
708,1143,23,강사,,N/A,,연도: 2022.0 / 주제: 투자 유치,2026-08-08 01:54:27.651385+00:00
709,1144,23,강사,,N/A,,연도: 2021.0 / 주제: 기술사업화,2026-08-08 01:54:27.651385+00:00
710,1145,23,강사,,N/A,,연도: 2019-2026 / 주제: 스타트업 창업사례(대학원생),2026-08-08 01:54:27.651385+00:00
711,1146,23,강사,,N/A,,"연도: 2024, 2026 / 주제: 산학협력 사례",2026-08-08 01:54:27.651385+00:00
712,1147,23,강사,,N/A,,연도: 2020.0 / 주제: 라이프스타일 트렌드 분석을 통한 스타트업 전략,2026-08-08 01:54:27.651385+00:00
713,1148,23,강사,,N/A,,연도: 2021.0 / 주제: HR테크,2026-08-08 01:54:27.651385+00:00
714,1149,23,강사,,N/A,,연도: 2020-2022 / 주제: 융합경영,2026-08-08 01:54:27.651385+00:00
715,998,23,강사,,N/A,,연도: 2024-2026 / 주제: 기술경영,2026-08-08 01:54:27.651385+00:00
716,1150,23,강사,,N/A,,연도: 2021.0 / 주제: 투자,2026-08-08 01:54:27.651385+00:00
717,993,23,강사,,N/A,,연도: 2021-2025 / 주제: 브랜딩,2026-08-08 01:54:27.651385+00:00
718,1151,23,강사,,N/A,,"연도: 2021, 2023 / 주제: 글로벌 사업 전략",2026-08-08 01:54:27.651385+00:00
719,1152,23,강사,,N/A,,연도: 2022.0 / 주제: HR테크,2026-08-08 01:54:27.651385+00:00
720,938,23,강사,,N/A,,연도: 2024-2026 / 주제: 스타트업 창업사례(박사후연구원),2026-08-08 01:54:27.651385+00:00
721,1153,23,강사,,N/A,,연도: 2020-2026 / 주제: 특허 및 상표,2026-08-08 01:54:27.651385+00:00
722,1154,23,강사,,N/A,,연도: 2020-2022 / 주제: 기술사업화 또는 푸드테크,2026-08-08 01:54:27.651385+00:00
723,1155,23,강사,,N/A,,연도: 2020.0 / 주제: 스타트업 벨류에이션 사례 분석,2026-08-08 01:54:27.651385+00:00
724,1156,23,강사,,N/A,,연도: 2020-2026 / 주제: 투자 유치,2026-08-08 01:54:27.651385+00:00
725,1157,23,강사,,N/A,,연도: 2024-2026 / 주제: 글로벌 마케팅,2026-08-08 01:54:27.651385+00:00
726,1158,23,강사,,N/A,,연도: 2020.0 / 주제: M&A,2026-08-08 01:54:27.651385+00:00
727,917,23,강사,,N/A,,연도: 2021-2022 / 주제: 기술사업화,2026-08-08 01:54:27.651385+00:00
728,1159,23,강사,,N/A,,연도: 2019-2021 / 주제: 기술사업화,2026-08-08 01:54:27.651385+00:00
729,1160,23,강사,,N/A,,연도: 2020.0,2026-08-08 01:54:27.651385+00:00
730,1161,23,강사,,N/A,,연도: 2023-2025 / 주제: 스타트업 창업사례(학부졸업생),2026-08-08 01:54:27.651385+00:00
731,1162,23,강사,,N/A,,연도: 2019-2023 / 주제: 기술사업화,2026-08-08 01:54:27.651385+00:00
732,1163,23,강사,,N/A,,"연도: 2022, 2024-2026 / 주제: 스타트업 창업사례(교수)",2026-08-08 01:54:27.651385+00:00
733,1164,23,강사,,N/A,,연도: 2026.0 / 주제: 스타트업 창업사례(학부생),2026-08-08 01:54:27.651385+00:00
734,1165,23,강사,,N/A,,연도: 2026.0 / 주제: 브랜딩,2026-08-08 01:54:27.651385+00:00
735,1166,23,강사,,N/A,,연도: 주차 / 주제: 주제,2026-08-08 01:54:27.651385+00:00
736,1167,23,강사,,N/A,,연도: 1.0,2026-08-08 01:54:27.651385+00:00
737,1168,23,강사,,N/A,,연도: 1.0,2026-08-08 01:54:27.651385+00:00
738,1169,23,강사,,N/A,,연도: 2.0,2026-08-08 01:54:27.651385+00:00
739,1170,23,강사,,N/A,,연도: 2.0,2026-08-08 01:54:27.651385+00:00
740,1171,23,강사,,N/A,,연도: 3.0,2026-08-08 01:54:27.651385+00:00
745,1172,23,강사,,N/A,,연도: 1.0 / 주제: 푸드테크 사례,2026-08-08 01:54:27.651385+00:00
746,1173,23,강사,,N/A,,연도: 2.0 / 주제: 기업가정신,2026-08-08 01:54:27.651385+00:00
747,1174,23,강사,,N/A,,연도: 2.0 / 주제: 기술사업화 또는 푸드테크,2026-08-08 01:54:27.651385+00:00
752,1175,23,강사,,N/A,,연도: 4.0 / 주제: 특허,2026-08-08 01:54:27.651385+00:00
753,1176,23,강사,,N/A,,연도: 5.0 / 주제: 스타트업 비즈니스 모델링,2026-08-08 01:54:27.651385+00:00
758,1177,23,강사,,N/A,,연도: 6.0 / 주제: M&A,2026-08-08 01:54:27.651385+00:00
760,1178,23,강사,,N/A,,연도: 7.0,2026-08-08 01:54:27.651385+00:00
764,1179,23,강사,,N/A,,연도: 3.0 / 주제: 푸드테크,2026-08-08 01:54:27.651385+00:00
783,1180,23,강사,,N/A,,연도: 3.0 / 주제: 학부생 창업,2026-08-08 01:54:27.651385+00:00
784,1181,23,강사,,N/A,,연도: 4.0 / 주제: 기술사업화,2026-08-08 01:54:27.651385+00:00
785,1182,23,강사,,N/A,,연도: 4.0 / 주제: 기술사업화,2026-08-08 01:54:27.651385+00:00
789,1183,23,강사,,N/A,,연도: 7.0 / 주제: 투자 유치,2026-08-08 01:54:27.651385+00:00
791,1184,23,강사,,N/A,,연도: 8.0 / 주제: 브랜딩,2026-08-08 01:54:27.651385+00:00
792,1185,23,강사,,N/A,,연도: 9.0 / 주제: HR테크,2026-08-08 01:54:27.651385+00:00
797,1186,23,강사,,N/A,,연도: 3.0 / 주제: 스타트업 창업,2026-08-08 01:54:27.651385+00:00
802,1187,23,강사,,N/A,,연도: 6.0 / 주제: 글로벌 사업 전략,2026-08-08 01:54:27.651385+00:00
807,1188,23,강사,,N/A,,연도: 8.0 / 주제: 심의 및 허가,2026-08-08 01:54:27.651385+00:00
810,1189,23,강사,,N/A,,연도: 2.0 / 주제: 산학협력 사례,2026-08-08 01:54:27.651385+00:00
814,1190,23,강사,,N/A,,연도: 4.0 / 주제: 스타트업 창업사례(박사후연구원),2026-08-08 01:54:27.651385+00:00
818,1191,23,강사,,N/A,,연도: 6.0 / 주제: 마케팅,2026-08-08 01:54:27.651385+00:00
820,1192,23,강사,,N/A,,연도: 7.0 / 주제: 기술경영,2026-08-08 01:54:27.651385+00:00
835,1569,22,강사,,N/A,,,2026-08-08 01:54:27.651385+00:00
836,1570,22,강사,,N/A,,,2026-08-08 01:54:27.651385+00:00
837,1571,22,강사,,N/A,,,2026-08-08 01:54:27.651385+00:00
838,940,22,강사,,N/A,,,2026-08-08 01:54:27.651385+00:00
839,1136,22,강사,,N/A,,,2026-08-08 01:54:27.651385+00:00
840,1572,22,강사,,N/A,,,2026-08-08 01:54:27.651385+00:00
841,1573,22,강사,,N/A,,,2026-08-08 01:54:27.651385+00:00
842,1533,22,강사,,N/A,,,2026-08-08 01:54:27.651385+00:00
843,1574,22,강사,,N/A,,,2026-08-08 01:54:27.651385+00:00
844,1575,22,강사,,N/A,,,2026-08-08 01:54:27.651385+00:00
845,1576,22,강사,,N/A,,,2026-08-08 01:54:27.651385+00:00
846,1577,22,강사,,N/A,,,2026-08-08 01:54:27.651385+00:00
847,1578,22,강사,,N/A,,,2026-08-08 01:54:27.651385+00:00
848,1579,22,강사,,N/A,,,2026-08-08 01:54:27.651385+00:00
849,1580,22,강사,,N/A,,,2026-08-08 01:54:27.651385+00:00
850,1581,22,강사,,N/A,,,2026-08-08 01:54:27.651385+00:00
851,1582,22,강사,,N/A,,,2026-08-08 01:54:27.651385+00:00
852,1583,22,강사,,N/A,,,2026-08-08 01:54:27.651385+00:00
853,1584,22,강사,,N/A,,,2026-08-08 01:54:27.651385+00:00
854,1141,22,강사,,N/A,,,2026-08-08 01:54:27.651385+00:00
855,1585,22,강사,,N/A,,,2026-08-08 01:54:27.651385+00:00
856,1586,22,강사,,N/A,,,2026-08-08 01:54:27.651385+00:00
857,1587,22,강사,,N/A,,,2026-08-08 01:54:27.651385+00:00
858,1588,22,강사,,N/A,,,2026-08-08 01:54:27.651385+00:00
859,1589,22,강사,,N/A,,,2026-08-08 01:54:27.651385+00:00
860,1590,22,강사,,N/A,,,2026-08-08 01:54:27.651385+00:00
861,1591,22,강사,,N/A,,,2026-08-08 01:54:27.651385+00:00
862,1592,22,강사,,N/A,,,2026-08-08 01:54:27.651385+00:00
863,1593,22,강사,,N/A,,,2026-08-08 01:54:27.651385+00:00
864,1594,22,강사,,N/A,,,2026-08-08 01:54:27.651385+00:00
865,1595,22,강사,,N/A,,,2026-08-08 01:54:27.651385+00:00
866,1596,22,강사,,N/A,,,2026-08-08 01:54:27.651385+00:00
867,1179,22,강사,,N/A,,,2026-08-08 01:54:27.651385+00:00
868,1149,22,강사,,N/A,,,2026-08-08 01:54:27.651385+00:00
869,905,22,강사,,N/A,,,2026-08-08 01:54:27.651385+00:00
870,1597,22,강사,,N/A,,,2026-08-08 01:54:27.651385+00:00
871,1598,22,강사,,N/A,,,2026-08-08 01:54:27.651385+00:00
872,1599,22,강사,,N/A,,,2026-08-08 01:54:27.651385+00:00
873,998,22,강사,,N/A,,,2026-08-08 01:54:27.651385+00:00
874,1600,22,강사,,N/A,,,2026-08-08 01:54:27.651385+00:00
875,1601,22,강사,,N/A,,,2026-08-08 01:54:27.651385+00:00
876,1152,22,강사,,N/A,,,2026-08-08 01:54:27.651385+00:00
877,1602,22,강사,,N/A,,,2026-08-08 01:54:27.651385+00:00
878,1603,22,강사,,N/A,,,2026-08-08 01:54:27.651385+00:00
879,943,22,강사,,N/A,,,2026-08-08 01:54:27.651385+00:00
880,1604,22,강사,,N/A,,,2026-08-08 01:54:27.651385+00:00
881,1605,22,강사,,N/A,,,2026-08-08 01:54:27.651385+00:00
882,1154,22,강사,,N/A,,,2026-08-08 01:54:27.651385+00:00
883,1606,22,강사,,N/A,,,2026-08-08 01:54:27.651385+00:00
884,1158,22,강사,,N/A,,,2026-08-08 01:54:27.651385+00:00
885,1607,22,강사,,N/A,,,2026-08-08 01:54:27.651385+00:00
886,1608,22,강사,,N/A,,,2026-08-08 01:54:27.651385+00:00
887,1609,22,강사,,N/A,,,2026-08-08 01:54:27.651385+00:00
888,1610,22,강사,,N/A,,,2026-08-08 01:54:27.651385+00:00
889,1023,22,강사,,N/A,,,2026-08-08 01:54:27.651385+00:00
890,1611,22,강사,,N/A,,,2026-08-08 01:54:27.651385+00:00
891,1612,22,강사,,N/A,,,2026-08-08 01:54:27.651385+00:00
892,1613,22,강사,,N/A,,,2026-08-08 01:54:27.651385+00:00
893,1614,22,강사,,N/A,,,2026-08-08 01:54:27.651385+00:00
894,1615,22,강사,,N/A,,,2026-08-08 01:54:27.651385+00:00
895,1616,22,강사,,N/A,,,2026-08-08 01:54:27.651385+00:00
896,1617,22,강사,,N/A,,,2026-08-08 01:54:27.651385+00:00
897,1162,22,강사,,N/A,,,2026-08-08 01:54:27.651385+00:00
898,959,22,강사,,N/A,,,2026-08-08 01:54:27.651385+00:00
899,1618,22,강사,,N/A,,,2026-08-08 01:54:28.579617+00:00
900,1619,22,강사,,N/A,,,2026-08-08 01:54:28.579617+00:00
901,1620,22,강사,,N/A,,,2026-08-08 01:54:28.579617+00:00
902,1661,24,강사,,N/A,,연도: 26-1 / 주제: [푸드테크 융합기술1] 푸드테크바이오(요리와 과학),2026-08-08 01:54:28.579617+00:00
903,1662,24,강사,,N/A,,연도: 26-1 / 주제: [푸드테크 융합기술1] 푸드로봇자동화,2026-08-08 01:54:28.579617+00:00
904,1663,24,강사,,N/A,,연도: 26-1 / 주제: [푸드테크 융합기술1] 푸드정밀영양,2026-08-08 01:54:28.579617+00:00
905,1664,24,강사,,N/A,,연도: 26-1 / 주제: [푸드테크 융합기술1] 푸드AI비즈니스(푸드테크인공지능),2026-08-08 01:54:28.579617+00:00
906,1665,24,강사,,N/A,,연도: 26-1 / 주제: [푸드테크 융합기술1] 푸드마이크로바이옴,2026-08-08 01:54:28.579617+00:00
907,1666,24,강사,,N/A,,"연도: 26-1 / 주제: [푸드테크 융합기술1] 푸드3D프린팅, 바이오소재",2026-08-08 01:54:28.579617+00:00
908,1667,24,강사,,N/A,,연도: 26-1 / 주제: [푸드테크 융합기술1] 푸드스마트공정,2026-08-08 01:54:28.579617+00:00
909,1668,24,강사,,N/A,,연도: 26-1 / 주제: [푸드테크 융합기술1] 푸드스마트제조,2026-08-08 01:54:28.579617+00:00
910,1669,24,강사,,N/A,,연도: 26-1 / 주제: [푸드테크 융합기술1] 식물성 대체푸드,2026-08-08 01:54:28.579617+00:00
911,1670,24,강사,,N/A,,연도: 26-1 / 주제: [푸드테크 융합기술2] 푸드테크산업 정책,2026-08-08 01:54:28.579617+00:00
912,1671,24,강사,,N/A,,연도: 26-1 / 주제: [푸드테크 융합기술2] 푸드서비스,2026-08-08 01:54:28.579617+00:00
913,1672,24,강사,,N/A,,연도: 26-1 / 주제: [푸드테크 융합기술2] 푸드 소비자 감각분석,2026-08-08 01:54:28.579617+00:00
914,1673,24,강사,,N/A,,연도: 26-1 / 주제: [푸드테크 융합기술2] 푸드 농업 빅데이터,2026-08-08 01:54:28.579617+00:00
915,1674,24,강사,,N/A,,연도: 26-1 / 주제: [푸드테크 융합기술2] 푸드 건강 빅데이터,2026-08-08 01:54:28.579617+00:00
916,1675,24,강사,,N/A,,"연도: 26-1 / 주제: [푸드테크 융합기술2] 푸드 생산 서비스 운영, 재무 관리",2026-08-08 01:54:28.579617+00:00
917,1676,24,강사,,N/A,,연도: 26-1 / 주제: [푸드테크 융합기술2] 푸드 스마트물류 및 공급망,2026-08-08 01:54:28.579617+00:00
918,1677,24,강사,,N/A,,연도: 26-1 / 주제: [푸드테크 융합기술2] 푸드소비자 분석,2026-08-08 01:54:28.579617+00:00
919,1678,24,강사,,N/A,,연도: 26-1 / 주제: 푸드테크 융합기술2,2026-08-08 01:54:28.579617+00:00
920,1679,24,강사,,N/A,,연도: 25-2 / 주제: [푸드테크 개론] 푸드스마트팜,2026-08-08 01:54:28.579617+00:00
921,1680,24,강사,,N/A,,연도: 25-2 / 주제: [푸드테크 개론] 푸드스마트유통,2026-08-08 01:54:28.579617+00:00
922,1681,24,강사,,N/A,,연도: 25-2 / 주제: [푸드테크 개론] 식품대사체,2026-08-08 01:54:28.579617+00:00
923,1682,24,강사,,N/A,,연도: 25-2 / 주제: [푸드테크 개론] 세포배양푸드,2026-08-08 01:54:28.579617+00:00
924,1683,24,강사,,N/A,,연도: 25-2 / 주제: [푸드테크 개론] 푸드그린바이오,2026-08-08 01:54:28.579617+00:00
926,1684,24,강사,,N/A,,연도: 25-2 / 주제: [푸드테크 개론] 친환경푸드포장재,2026-08-08 01:54:28.579617+00:00
927,1173,24,강사,,N/A,,연도: 25-2 / 주제: [푸드테크 디자인] 혁신과 기업가정신,2026-08-08 01:54:28.579617+00:00
928,1182,24,강사,,N/A,,연도: 25-2 / 주제: [푸드테크 디자인] 스타트업 창업 사례,2026-08-08 01:54:28.579617+00:00
929,1165,24,강사,,N/A,,연도: 25-2 / 주제: [푸드테크 디자인] 데이터 마케팅,2026-08-08 01:54:28.579617+00:00
930,1184,24,강사,,N/A,,연도: 25-2 / 주제: [푸드테크 디자인] 브랜딩,2026-08-08 01:54:28.579617+00:00
931,1192,24,강사,,N/A,,연도: 25-2 / 주제: [푸드테크 디자인] 기술경영,2026-08-08 01:54:28.579617+00:00
932,1685,24,강사,,N/A,,연도: 24-2 / 주제: [푸드테크 규제 및 진흥법규] 농수산 푸드테크지원정책,2026-08-08 01:54:28.579617+00:00
933,1686,24,강사,,N/A,,연도: 24-2 / 주제: [푸드테크 규제 및 진흥법규] 푸드테크와 환자용 식품의 미래,2026-08-08 01:54:28.579617+00:00
934,1687,24,강사,,N/A,,연도: 24-2 / 주제: [푸드테크 규제 및 진흥법규] 푸드테크와 특허,2026-08-08 01:54:28.579617+00:00
935,1688,24,강사,,N/A,,연도: 24-2 / 주제: [푸드테크 규제 및 진흥법규] 중소기업 지원 및 벤처 정책,2026-08-08 01:54:28.579617+00:00
936,1689,24,강사,,N/A,,연도: 24-2 / 주제: [푸드테크 규제 및 진흥법규] 블루푸드테크 지원 정책 및 국제협력,2026-08-08 01:54:28.579617+00:00
937,1690,24,강사,,N/A,,연도: 24-2 / 주제: [푸드테크 규제 및 진흥법규] 바이오산업 전망과 수출전략,2026-08-08 01:54:28.579617+00:00
938,1691,24,강사,,N/A,,연도: 24-2 / 주제: [푸드테크 규제 및 진흥법규] 푸드테크 규제 개혁 현황,2026-08-08 01:54:28.579617+00:00
939,1692,24,강사,,N/A,,연도: 24-2 / 주제: [푸드테크 융합기술2] 바이오식품산업,2026-08-08 01:54:28.579617+00:00
941,1693,24,강사,,N/A,,연도: 24-2 / 주제: [푸드테크 융합기술2] 피부-뇌 상호작용과 푸드테크,2026-08-08 01:54:28.579617+00:00
942,1694,24,강사,,N/A,,연도: 24-2 / 주제: [푸드테크 융합기술2] 슬리피:디지털수면기기,2026-08-08 01:54:28.579617+00:00
944,1695,24,강사,,N/A,,"연도: 24-2 / 주제: [푸드테크 융합기술2] AI 신약후보물질 발굴, 바이오 융합기술",2026-08-08 01:54:28.579617+00:00
946,1696,24,강사,,N/A,,연도: 24-1 / 주제: [푸드테크 비지니스] 산지 소싱과 빅데이터,2026-08-08 01:54:28.579617+00:00
947,1697,24,강사,,N/A,,연도: 24-1 / 주제: [푸드테크 비지니스] 스타트업 기업활동의 법적 위험요소 대응,2026-08-08 01:54:28.579617+00:00
948,1698,24,강사,,N/A,,연도: 24-1 / 주제: [푸드테크 비지니스] KFC의 brand reviralization,2026-08-08 01:54:28.579617+00:00
950,1699,24,강사,,N/A,,연도: 24-1 / 주제: [푸드테크 융합기술1] 인간본성과 인공지능,2026-08-08 01:54:28.579617+00:00
952,1700,24,강사,,N/A,,연도: 24-1 / 주제: [푸드테크 융합기술1] 스마트팜 현황 및 기술 개발방향,2026-08-08 01:54:28.579617+00:00
953,1701,24,강사,,N/A,,연도: 24-1 / 주제: [푸드테크 융합기술1] 축산산업 현황 및 현안 해결 노력,2026-08-08 01:54:28.579617+00:00
954,1702,24,강사,,N/A,,연도: 24-1 / 주제: [푸드테크 융합기술1] 창작을 위한 인공지능 오디오,2026-08-08 01:54:28.579617+00:00
955,1703,24,강사,,N/A,,연도: 24-1 / 주제: [푸드테크 융합기술1] startups based on biomaterials therapeutics,2026-08-08 01:54:28.579617+00:00
956,1704,24,강사,,N/A,,연도: 24-1 / 주제: [푸드테크 융합기술1] 신경회로망 연구 : 스트레스와 식습관,2026-08-08 01:54:28.579617+00:00
957,1705,24,강사,,N/A,,연도: 24-1 / 주제: [푸드테크 융합기술1] medicine to drug development to data science,2026-08-08 01:54:28.579617+00:00
958,1706,24,강사,,N/A,,"연도: 24-1 / 주제: [푸드테크 융합기술1] 인류의 미래, 산업의 미래, Agro AI",2026-08-08 01:54:28.579617+00:00
960,1707,24,강사,,N/A,,연도: 24-1 / 주제: [푸드테크 융합기술1] Research field in robotics,2026-08-08 01:54:28.579617+00:00
961,1708,24,강사,,N/A,,연도: 23-2 / 주제: [푸드테크개론] 식품생화학,2026-08-08 01:54:28.579617+00:00
962,1709,24,강사,,N/A,,연도: 23-2 / 주제: [푸드테크개론] 식품분자미생물학,2026-08-08 01:54:28.579617+00:00
963,1710,24,강사,,N/A,,연도: 23-2 / 주제: [푸드테크개론] 식품안전성독성학,2026-08-08 01:54:28.579617+00:00
964,1711,24,강사,,N/A,,연도: 23-2 / 주제: [푸드테크개론] 식품미생물안전성,2026-08-08 01:54:28.579617+00:00
969,1712,24,강사,,N/A,,연도: 23-2 / 주제: [푸드테크 디자인과 기업가 정신] 기술사업화,2026-08-08 01:54:28.579617+00:00
972,1185,24,강사,,N/A,,연도: 23-2 / 주제: [푸드테크 디자인과 기업가 정신] HR테크,2026-08-08 01:54:28.579617+00:00
