id,person_id,membership_status,member_type,join_date,membership_tier,invited_by,notes,created_at,updated_at
1,896,가입 완료,기존 멤버,,임원(이사),,25.5 납입,2026-08-08 01:54:29.560852+00:00,2026-08-08 01:54:29.560852+00:00
2,899,가입 완료,기존 멤버,,정회원,,24.4 납입,2026-08-08 01:54:29.560852+00:00,2026-08-08 01:54:29.560852+00:00
3,902,미가입,,,X,,,2026-08-08 01:54:29.560852+00:00,2026-08-08 01:54:29.560852+00:00
4,905,가입 완료,기존 멤버,,정회원,,연회비 납입 이력X,2026-08-08 01:54:29.560852+00:00,2026-08-08 01:54:29.560852+00:00
5,908,미가입,,,X,,,2026-08-08 01:54:29.560852+00:00,2026-08-08 01:54:29.560852+00:00
6,911,미가입,,,X,,,2026-08-08 01:54:29.560852+00:00,2026-08-08 01:54:29.560852+00:00
7,914,가입 완료,기존 멤버,,정회원,,"실무위원회라 임의 삽입한 것으로, 동의 없이 회원으로 간주하여 삽입한 인원",2026-08-08 01:54:29.560852+00:00,2026-08-08 01:54:29.560852+00:00
8,917,가입 완료,기존 멤버,,정회원,,26.5 납입,2026-08-08 01:54:29.560852+00:00,2026-08-08 01:54:29.560852+00:00
9,920,미가입,,,X,,,2026-08-08 01:54:29.560852+00:00,2026-08-08 01:54:29.560852+00:00
10,923,미가입,,,X,,,2026-08-08 01:54:29.560852+00:00,2026-08-08 01:54:29.560852+00:00
11,926,미가입,,,X,,,2026-08-08 01:54:29.560852+00:00,2026-08-08 01:54:29.560852+00:00
12,929,미가입,,,X,,,2026-08-08 01:54:29.560852+00:00,2026-08-08 01:54:29.560852+00:00
13,933,미가입,,,X,,,2026-08-08 01:54:29.560852+00:00,2026-08-08 01:54:29.560852+00:00
14,935,가입 완료,기존 멤버,,정회원,,연회비 납입 이력X,2026-08-08 01:54:29.560852+00:00,2026-08-08 01:54:29.560852+00:00
15,940,미가입,,,X,,,2026-08-08 01:54:29.560852+00:00,2026-08-08 01:54:29.560852+00:00
16,943,가입 완료,신규 가입(서울대 과정 출신),,정회원,,연회비 납입 이력X,2026-08-08 01:54:29.560852+00:00,2026-08-08 01:54:29.560852+00:00
17,945,미가입,,,X,,,2026-08-08 01:54:29.560852+00:00,2026-08-08 01:54:29.560852+00:00
18,950,가입 완료,기존 멤버,,정회원,,"실무위원회라 임의 삽입한 것으로, 동의 없이 회원으로 간주하여 삽입한 인원",2026-08-08 01:54:29.560852+00:00,2026-08-08 01:54:29.560852+00:00
19,951,가입 완료,기존 멤버,,정회원,,연회비 납입 이력X,2026-08-08 01:54:29.560852+00:00,2026-08-08 01:54:29.560852+00:00
20,954,미가입,,,X,,,2026-08-08 01:54:29.560852+00:00,2026-08-08 01:54:29.560852+00:00
21,958,가입 완료,기존 멤버,,정회원,,"실무위원회라 임의 삽입한 것으로, 동의 없이 회원으로 간주하여 삽입한 인원",2026-08-08 01:54:29.560852+00:00,2026-08-08 01:54:29.560852+00:00
22,959,가입 완료,기존 멤버,,임원(이사),,25.7 납입,2026-08-08 01:54:29.560852+00:00,2026-08-08 01:54:29.560852+00:00
23,964,가입 완료,기존 멤버,,정회원,,25.10 납입,2026-08-08 01:54:29.560852+00:00,2026-08-08 01:54:29.560852+00:00
24,965,미가입,,,X,,,2026-08-08 01:54:29.560852+00:00,2026-08-08 01:54:29.560852+00:00
25,967,가입 완료,기존 멤버,,정회원,,연회비 납입 이력X,2026-08-08 01:54:29.560852+00:00,2026-08-08 01:54:29.560852+00:00
26,971,미가입,,,X,,,2026-08-08 01:54:29.560852+00:00,2026-08-08 01:54:29.560852+00:00
27,975,가입 완료,기존 멤버,,정회원,,"실무위원회라 임의 삽입한 것으로, 동의 없이 회원으로 간주하여 삽입한 인원",2026-08-08 01:54:29.560852+00:00,2026-08-08 01:54:29.560852+00:00
28,976,가입 완료,기존 멤버,,정회원,,연회비 납입 이력X,2026-08-08 01:54:29.560852+00:00,2026-08-08 01:54:29.560852+00:00
29,979,가입 완료,기존 멤버,,정회원,,"실무위원회라 임의 삽입한 것으로, 동의 없이 회원으로 간주하여 삽입한 인원",2026-08-08 01:54:29.560852+00:00,2026-08-08 01:54:29.560852+00:00
30,983,가입 완료,기존 멤버,,정회원,,연회비 납입 이력X,2026-08-08 01:54:29.560852+00:00,2026-08-08 01:54:29.560852+00:00
31,986,가입 완료,기존 멤버,,정회원,,연회비 납입 이력X,2026-08-08 01:54:29.560852+00:00,2026-08-08 01:54:29.560852+00:00
32,989,미가입,,,X,,,2026-08-08 01:54:29.560852+00:00,2026-08-08 01:54:29.560852+00:00
33,993,가입 완료,기존 멤버,,정회원,,"실무위원회라 임의 삽입한 것으로, 동의 없이 회원으로 간주하여 삽입한 인원",2026-08-08 01:54:29.560852+00:00,2026-08-08 01:54:29.560852+00:00
34,995,가입 완료,기존 멤버,,임원(이사),,26.1 납입,2026-08-08 01:54:29.560852+00:00,2026-08-08 01:54:29.560852+00:00
35,998,가입 완료,기존 멤버,,정회원,,"실무위원회라 임의 삽입한 것으로, 동의 없이 회원으로 간주하여 삽입한 인원",2026-08-08 01:54:29.560852+00:00,2026-08-08 01:54:29.560852+00:00
36,1001,가입 완료,기존 멤버,,정회원,,23.3 납입,2026-08-08 01:54:29.560852+00:00,2026-08-08 01:54:29.560852+00:00
37,1003,가입 완료,기존 멤버,,정회원,,연회비 납입 이력X,2026-08-08 01:54:29.560852+00:00,2026-08-08 01:54:29.560852+00:00
38,1006,미가입,,,X,,,2026-08-08 01:54:29.560852+00:00,2026-08-08 01:54:29.560852+00:00
39,1008,가입 완료,기존 멤버,,정회원,,연회비 납입 이력X,2026-08-08 01:54:29.560852+00:00,2026-08-08 01:54:29.560852+00:00
40,1013,미가입,,,X,,,2026-08-08 01:54:29.560852+00:00,2026-08-08 01:54:29.560852+00:00
41,1016,가입 완료,기존 멤버,,임원(부회장),,26.4 납입,2026-08-08 01:54:29.560852+00:00,2026-08-08 01:54:29.560852+00:00
42,1017,미가입,,,X,,,2026-08-08 01:54:29.560852+00:00,2026-08-08 01:54:29.560852+00:00
43,1020,가입 완료,기존 멤버,,정회원,,"실무위원회라 임의 삽입한 것으로, 동의 없이 회원으로 간주하여 삽입한 인원",2026-08-08 01:54:29.560852+00:00,2026-08-08 01:54:29.560852+00:00
44,1023,가입 완료,기존 멤버,,임원(이사),,25.6 납입,2026-08-08 01:54:29.560852+00:00,2026-08-08 01:54:29.560852+00:00
45,1026,미가입,,,X,,,2026-08-08 01:54:29.560852+00:00,2026-08-08 01:54:29.560852+00:00
46,1028,가입 완료,기존 멤버,,정회원,,가입 신청은 하였으나 연회비 납입X,2026-08-08 01:54:29.560852+00:00,2026-08-08 01:54:29.560852+00:00
47,1029,가입 완료,기존 멤버,,정회원,,연회비 납입 이력X,2026-08-08 01:54:29.560852+00:00,2026-08-08 01:54:29.560852+00:00
48,1032,미가입,,,X,,,2026-08-08 01:54:29.560852+00:00,2026-08-08 01:54:29.560852+00:00
49,1037,미가입,,,X,,,2026-08-08 01:54:29.560852+00:00,2026-08-08 01:54:29.560852+00:00
50,992,미가입,,,X,,,2026-08-08 01:54:29.560852+00:00,2026-08-08 01:54:29.560852+00:00
51,1044,미가입,,,X,,,2026-08-08 01:54:29.560852+00:00,2026-08-08 01:54:29.560852+00:00
52,1046,미가입,,,X,,,2026-08-08 01:54:29.560852+00:00,2026-08-08 01:54:29.560852+00:00
53,1049,미가입,,,X,,,2026-08-08 01:54:29.560852+00:00,2026-08-08 01:54:29.560852+00:00
54,1052,미가입,,,X,,,2026-08-08 01:54:29.560852+00:00,2026-08-08 01:54:29.560852+00:00
55,1055,가입 완료,기존 멤버,,정회원,,"실무위원회라 임의 삽입한 것으로, 동의 없이 회원으로 간주하여 삽입한 인원",2026-08-08 01:54:29.560852+00:00,2026-08-08 01:54:29.560852+00:00
56,1059,미가입,,,X,,,2026-08-08 01:54:29.560852+00:00,2026-08-08 01:54:29.560852+00:00
57,1062,가입 완료,기존 멤버,,정회원,,25.10 납입,2026-08-08 01:54:29.560852+00:00,2026-08-08 01:54:29.560852+00:00
58,953,미가입,,,X,,,2026-08-08 01:54:29.560852+00:00,2026-08-08 01:54:29.560852+00:00
59,1069,미가입,,,X,,,2026-08-08 01:54:29.560852+00:00,2026-08-08 01:54:29.560852+00:00
60,1074,미가입,,,X,,,2026-08-08 01:54:29.560852+00:00,2026-08-08 01:54:29.560852+00:00
61,1076,가입 완료,기존 멤버,,정회원,,25.9 납입,2026-08-08 01:54:29.560852+00:00,2026-08-08 01:54:29.560852+00:00
62,1078,미가입,,,X,,,2026-08-08 01:54:29.560852+00:00,2026-08-08 01:54:29.560852+00:00
63,1081,미가입,,,X,,,2026-08-08 01:54:29.560852+00:00,2026-08-08 01:54:29.560852+00:00
64,1084,가입 완료,기존 멤버,,정회원,,"실무위원회라 임의 삽입한 것으로, 동의 없이 회원으로 간주하여 삽입한 인원",2026-08-08 01:54:29.560852+00:00,2026-08-08 01:54:29.560852+00:00
65,1090,미가입,,,X,,,2026-08-08 01:54:29.560852+00:00,2026-08-08 01:54:29.560852+00:00
66,1093,미가입,,,X,,,2026-08-08 01:54:29.560852+00:00,2026-08-08 01:54:29.560852+00:00
67,939,가입 완료,기존 멤버,,정회원,,23.3 납입,2026-08-08 01:54:29.560852+00:00,2026-08-08 01:54:29.560852+00:00
68,1100,가입 완료,기존 멤버,,정회원,,25.5 납입,2026-08-08 01:54:29.560852+00:00,2026-08-08 01:54:29.560852+00:00
69,1103,가입 완료,기존 멤버,,정회원,,"실무위원회라 임의 삽입한 것으로, 동의 없이 회원으로 간주하여 삽입한 인원",2026-08-08 01:54:29.560852+00:00,2026-08-08 01:54:29.560852+00:00
70,1193,미가입,,,X,,,2026-08-08 01:54:29.560852+00:00,2026-08-08 01:54:29.560852+00:00
71,1194,가입 완료,기존 멤버,,정회원,,26.2 납입,2026-08-08 01:54:29.560852+00:00,2026-08-08 01:54:29.560852+00:00
72,1195,가입 완료,기존 멤버,,정회원,,26.3 납입,2026-08-08 01:54:29.560852+00:00,2026-08-08 01:54:29.560852+00:00
73,1196,가입 완료,기존 멤버,,정회원,,"실무위원회라 임의 삽입한 것으로, 동의 없이 회원으로 간주하여 삽입한 인원",2026-08-08 01:54:29.560852+00:00,2026-08-08 01:54:29.560852+00:00
74,1197,가입 완료,기존 멤버,,정회원,,26.4 납입,2026-08-08 01:54:29.560852+00:00,2026-08-08 01:54:29.560852+00:00
75,1198,미가입,,,X,,,2026-08-08 01:54:29.560852+00:00,2026-08-08 01:54:29.560852+00:00
76,1199,가입 완료,기존 멤버,,정회원,,가입 신청은 하였으나 연회비 납입X,2026-08-08 01:54:29.560852+00:00,2026-08-08 01:54:29.560852+00:00
77,1200,미가입,,,X,,,2026-08-08 01:54:29.560852+00:00,2026-08-08 01:54:29.560852+00:00
78,1201,가입 완료,기존 멤버,,임원(이사),,26.5 납입,2026-08-08 01:54:29.560852+00:00,2026-08-08 01:54:29.560852+00:00
79,1202,미가입,,,X,,,2026-08-08 01:54:29.560852+00:00,2026-08-08 01:54:29.560852+00:00
80,1203,미가입,,,X,,,2026-08-08 01:54:29.560852+00:00,2026-08-08 01:54:29.560852+00:00
81,1204,미가입,,,X,,,2026-08-08 01:54:29.560852+00:00,2026-08-08 01:54:29.560852+00:00
82,1205,미가입,,,X,,,2026-08-08 01:54:29.560852+00:00,2026-08-08 01:54:29.560852+00:00
83,1206,가입 완료,기존 멤버,,정회원,,연회비 납입 이력X,2026-08-08 01:54:29.560852+00:00,2026-08-08 01:54:29.560852+00:00
84,1207,미가입,,,X,,,2026-08-08 01:54:29.560852+00:00,2026-08-08 01:54:29.560852+00:00
85,1208,가입 완료,기존 멤버,,정회원,,24.12 이후 연회비 납입X,2026-08-08 01:54:29.560852+00:00,2026-08-08 01:54:29.560852+00:00
86,1209,미가입,,,X,,,2026-08-08 01:54:29.560852+00:00,2026-08-08 01:54:29.560852+00:00
87,1210,미가입,,,X,,,2026-08-08 01:54:29.560852+00:00,2026-08-08 01:54:29.560852+00:00
88,1211,가입 완료,기존 멤버,,정회원,,26.3 납입,2026-08-08 01:54:29.560852+00:00,2026-08-08 01:54:29.560852+00:00
89,1212,가입 완료,기존 멤버,,정회원,,26.4 납입,2026-08-08 01:54:29.560852+00:00,2026-08-08 01:54:29.560852+00:00
90,1213,미가입,,,X,,,2026-08-08 01:54:29.560852+00:00,2026-08-08 01:54:29.560852+00:00
91,1214,가입 완료,기존 멤버,,정회원,,가입 신청은 하였으나 연회비 납입X,2026-08-08 01:54:29.560852+00:00,2026-08-08 01:54:29.560852+00:00
92,1215,가입 완료,기존 멤버,,정회원,,26.3 납입,2026-08-08 01:54:29.560852+00:00,2026-08-08 01:54:29.560852+00:00
93,1216,가입 완료,기존 멤버,,정회원,,26.2 납입,2026-08-08 01:54:29.560852+00:00,2026-08-08 01:54:29.560852+00:00
94,1217,미가입,,,X,,,2026-08-08 01:54:29.560852+00:00,2026-08-08 01:54:29.560852+00:00
95,1218,가입 완료,기존 멤버,,정회원,,가입 신청은 하였으나 연회비 납입X,2026-08-08 01:54:29.560852+00:00,2026-08-08 01:54:29.560852+00:00
96,1219,가입 완료,기존 멤버,,정회원,,연회비 납입 이력X,2026-08-08 01:54:29.560852+00:00,2026-08-08 01:54:29.560852+00:00
97,1220,가입 완료,기존 멤버,,정회원,,26.4 납입,2026-08-08 01:54:29.560852+00:00,2026-08-08 01:54:29.560852+00:00
98,1221,가입 완료,신규 가입(서울대 과정 출신),,임원(이사),,25.7 납입,2026-08-08 01:54:29.560852+00:00,2026-08-08 01:54:29.560852+00:00
99,1222,가입 완료,기존 멤버,,정회원,,26.4 납입,2026-08-08 01:54:29.560852+00:00,2026-08-08 01:54:29.560852+00:00
100,1223,가입 완료,기존 멤버,,사무국/연구원,,주 2회 근무,2026-08-08 01:54:29.560852+00:00,2026-08-08 01:54:29.560852+00:00
101,1224,가입 완료,기존 멤버,,정회원,,25.12 납입,2026-08-08 01:54:29.560852+00:00,2026-08-08 01:54:29.560852+00:00
102,1225,가입 완료,신규 가입(서울대 과정 출신),,임원(이사),,25.7 납입,2026-08-08 01:54:29.560852+00:00,2026-08-08 01:54:29.560852+00:00
103,1226,미가입,,,X,,,2026-08-08 01:54:29.560852+00:00,2026-08-08 01:54:29.560852+00:00
104,1227,미가입,,,X,,,2026-08-08 01:54:29.560852+00:00,2026-08-08 01:54:29.560852+00:00
105,1228,미가입,,,X,,,2026-08-08 01:54:29.560852+00:00,2026-08-08 01:54:29.560852+00:00
106,1229,가입 완료,기존 멤버,,정회원,,25.11 납입,2026-08-08 01:54:29.560852+00:00,2026-08-08 01:54:29.560852+00:00
107,1230,가입 완료,기존 멤버,,정회원,,26.3 납입,2026-08-08 01:54:29.560852+00:00,2026-08-08 01:54:29.560852+00:00
108,1231,가입 완료,기존 멤버,,정회원,,"실무위원회라 임의 삽입한 것으로, 동의 없이 회원으로 간주하여 삽입한 인원",2026-08-08 01:54:29.560852+00:00,2026-08-08 01:54:29.560852+00:00
109,1232,가입 완료,기존 멤버,,임원(이사),,25.9 납입,2026-08-08 01:54:29.560852+00:00,2026-08-08 01:54:29.560852+00:00
110,1233,가입 완료,기존 멤버,,정회원,,25.9 납입,2026-08-08 01:54:29.560852+00:00,2026-08-08 01:54:29.560852+00:00
111,1234,가입 완료,기존 멤버,,정회원,,연회비 납입 이력X,2026-08-08 01:54:29.560852+00:00,2026-08-08 01:54:29.560852+00:00
112,1235,미가입,,,X,,,2026-08-08 01:54:29.560852+00:00,2026-08-08 01:54:29.560852+00:00
113,1236,가입 완료,기존 멤버,,정회원,,25.2 납입,2026-08-08 01:54:29.560852+00:00,2026-08-08 01:54:29.560852+00:00
114,1237,가입 완료,기존 멤버,,정회원,,25.11 납입,2026-08-08 01:54:29.560852+00:00,2026-08-08 01:54:29.560852+00:00
115,1238,미가입,,,X,,,2026-08-08 01:54:29.560852+00:00,2026-08-08 01:54:29.560852+00:00
116,1239,가입 완료,기존 멤버,,정회원,,가입 신청은 하였으나 연회비 납입X,2026-08-08 01:54:29.560852+00:00,2026-08-08 01:54:29.560852+00:00
117,1240,미가입,,,X,,,2026-08-08 01:54:29.560852+00:00,2026-08-08 01:54:29.560852+00:00
118,1241,가입 완료,기존 멤버,,정회원,,26.2 납입,2026-08-08 01:54:29.560852+00:00,2026-08-08 01:54:29.560852+00:00
119,1242,가입 완료,기존 멤버,,정회원,,26.4 납입,2026-08-08 01:54:29.560852+00:00,2026-08-08 01:54:29.560852+00:00
120,1243,가입 완료,기존 멤버,,정회원,,25.8 납입,2026-08-08 01:54:29.560852+00:00,2026-08-08 01:54:29.560852+00:00
121,1244,가입 완료,기존 멤버,,정회원,,25.6 납입,2026-08-08 01:54:29.560852+00:00,2026-08-08 01:54:29.560852+00:00
122,1245,미가입,,,X,,,2026-08-08 01:54:29.560852+00:00,2026-08-08 01:54:29.560852+00:00
123,1246,가입 완료,기존 멤버,,임원(수석부회장),,26.2 납입,2026-08-08 01:54:29.560852+00:00,2026-08-08 01:54:29.560852+00:00
124,1247,가입 완료,기존 멤버,,정회원,,25.7 납입,2026-08-08 01:54:29.560852+00:00,2026-08-08 01:54:29.560852+00:00
125,1248,미가입,,,X,,,2026-08-08 01:54:29.560852+00:00,2026-08-08 01:54:29.560852+00:00
126,1249,가입 완료,기존 멤버,,정회원,,연회비 납입 이력X,2026-08-08 01:54:29.560852+00:00,2026-08-08 01:54:29.560852+00:00
127,1250,미가입,,,X,,,2026-08-08 01:54:29.560852+00:00,2026-08-08 01:54:29.560852+00:00
128,1251,미가입,,,X,,,2026-08-08 01:54:29.560852+00:00,2026-08-08 01:54:29.560852+00:00
129,1252,미가입,,,X,,,2026-08-08 01:54:29.560852+00:00,2026-08-08 01:54:29.560852+00:00
130,1253,미가입,,,X,,,2026-08-08 01:54:29.560852+00:00,2026-08-08 01:54:29.560852+00:00
131,1254,가입 완료,기존 멤버,,정회원,,25.8 납입,2026-08-08 01:54:29.560852+00:00,2026-08-08 01:54:29.560852+00:00
132,1255,미가입,,,X,,,2026-08-08 01:54:29.560852+00:00,2026-08-08 01:54:29.560852+00:00
133,1256,가입 완료,기존 멤버,,정회원,,25.9 납입,2026-08-08 01:54:29.560852+00:00,2026-08-08 01:54:29.560852+00:00
134,1257,가입 완료,기존 멤버,,정회원,,24.6 납입,2026-08-08 01:54:29.560852+00:00,2026-08-08 01:54:29.560852+00:00
135,1258,가입 완료,기존 멤버,,임원(수석부회장),,25.5 납입,2026-08-08 01:54:29.560852+00:00,2026-08-08 01:54:29.560852+00:00
136,1259,가입 완료,기존 멤버,,정회원,,26.4 납입,2026-08-08 01:54:29.560852+00:00,2026-08-08 01:54:29.560852+00:00
137,1260,미가입,,,X,,,2026-08-08 01:54:29.560852+00:00,2026-08-08 01:54:29.560852+00:00
138,1261,미가입,,,X,,,2026-08-08 01:54:29.560852+00:00,2026-08-08 01:54:29.560852+00:00
139,1262,가입 완료,기존 멤버,,임원(부회장),,25.6 납입,2026-08-08 01:54:29.560852+00:00,2026-08-08 01:54:29.560852+00:00
140,1263,미가입,,,X,,,2026-08-08 01:54:29.560852+00:00,2026-08-08 01:54:29.560852+00:00
141,1264,가입 완료,기존 멤버,,정회원,,25.1 납입,2026-08-08 01:54:29.560852+00:00,2026-08-08 01:54:29.560852+00:00
142,1265,가입 완료,기존 멤버,,정회원,,25.3 납입,2026-08-08 01:54:29.560852+00:00,2026-08-08 01:54:29.560852+00:00
143,1266,가입 완료,기존 멤버,,정회원,,연회비 납입 이력X,2026-08-08 01:54:29.560852+00:00,2026-08-08 01:54:29.560852+00:00
144,1267,가입 완료,기존 멤버,,정회원,,24.12 이후 연회비 납입X,2026-08-08 01:54:29.560852+00:00,2026-08-08 01:54:29.560852+00:00
145,1268,미가입,,,X,,,2026-08-08 01:54:29.560852+00:00,2026-08-08 01:54:29.560852+00:00
146,1269,미가입,,,X,,,2026-08-08 01:54:29.560852+00:00,2026-08-08 01:54:29.560852+00:00
147,1270,가입 완료,기존 멤버,,정회원,,25.6 납입,2026-08-08 01:54:29.560852+00:00,2026-08-08 01:54:29.560852+00:00
148,1271,가입 완료,기존 멤버,,정회원,,25.2 납입,2026-08-08 01:54:29.560852+00:00,2026-08-08 01:54:29.560852+00:00
149,1272,미가입,,,X,,,2026-08-08 01:54:29.560852+00:00,2026-08-08 01:54:29.560852+00:00
150,1273,미가입,,,X,,,2026-08-08 01:54:29.560852+00:00,2026-08-08 01:54:29.560852+00:00
151,1274,가입 완료,기존 멤버,,임원(부회장),,"26.3 납입
효사랑가족요양병원 → 주식회사 팥알 로 업체명 변경하여 회원명단 관리 요청받음",2026-08-08 01:54:29.560852+00:00,2026-08-08 01:54:29.560852+00:00
152,1275,가입 완료,기존 멤버,,정회원,,26.2 납입,2026-08-08 01:54:29.560852+00:00,2026-08-08 01:54:29.560852+00:00
153,1276,미가입,,,X,,,2026-08-08 01:54:29.560852+00:00,2026-08-08 01:54:29.560852+00:00
154,1277,가입 완료,기존 멤버,,임원(부회장),,"26.3 납입
효사랑가족요양병원 → 주식회사 팥알 로 업체명 변경하여 회원명단 관리 요청받음",2026-08-08 01:54:29.560852+00:00,2026-08-08 01:54:29.560852+00:00
155,1278,가입 완료,기존 멤버,,정회원,,25.3 납입,2026-08-08 01:54:29.560852+00:00,2026-08-08 01:54:29.560852+00:00
156,1279,가입 완료,기존 멤버,,정회원,,25.6 납입,2026-08-08 01:54:29.560852+00:00,2026-08-08 01:54:29.560852+00:00
157,1280,미가입,,,X,,,2026-08-08 01:54:29.560852+00:00,2026-08-08 01:54:29.560852+00:00
158,1281,미가입,,,X,,,2026-08-08 01:54:29.560852+00:00,2026-08-08 01:54:29.560852+00:00
159,1282,가입 완료,기존 멤버,,정회원,,25.2 납입,2026-08-08 01:54:29.560852+00:00,2026-08-08 01:54:29.560852+00:00
160,1283,가입 완료,신규 가입(서울대 과정 출신),,임원(이사),,25.7 납입,2026-08-08 01:54:29.560852+00:00,2026-08-08 01:54:29.560852+00:00
161,1284,가입 완료,기존 멤버,,임원(부회장),,26.6 납입,2026-08-08 01:54:29.560852+00:00,2026-08-08 01:54:29.560852+00:00
162,1285,가입 완료,기존 멤버,,임원(이사),,26.4 납입,2026-08-08 01:54:29.560852+00:00,2026-08-08 01:54:29.560852+00:00
163,1286,미가입,,,X,,,2026-08-08 01:54:29.560852+00:00,2026-08-08 01:54:29.560852+00:00
164,1287,가입 완료,기존 멤버,,임원(이사),,25.3 납입,2026-08-08 01:54:29.560852+00:00,2026-08-08 01:54:29.560852+00:00
165,1288,가입 완료,기존 멤버,,정회원,,26.2 납입,2026-08-08 01:54:29.560852+00:00,2026-08-08 01:54:29.560852+00:00
166,1289,가입 완료,기존 멤버,,정회원,,25.5 납입,2026-08-08 01:54:29.560852+00:00,2026-08-08 01:54:29.560852+00:00
167,1290,미가입,,,X,,,2026-08-08 01:54:29.560852+00:00,2026-08-08 01:54:29.560852+00:00
168,1291,가입 완료,기존 멤버,,임원(이사),,25.7 납입,2026-08-08 01:54:29.560852+00:00,2026-08-08 01:54:29.560852+00:00
169,1292,미가입,,,X,,,2026-08-08 01:54:29.560852+00:00,2026-08-08 01:54:29.560852+00:00
170,1293,미가입,,,X,,,2026-08-08 01:54:29.560852+00:00,2026-08-08 01:54:29.560852+00:00
171,1294,가입 완료,기존 멤버,,정회원(개인),,24.7 납입,2026-08-08 01:54:29.560852+00:00,2026-08-08 01:54:29.560852+00:00
172,1295,가입 완료,신규 가입(서울대 과정 출신),,임원(이사),,25.7 납입,2026-08-08 01:54:29.560852+00:00,2026-08-08 01:54:29.560852+00:00
173,1296,가입 완료,기존 멤버,,정회원,,24.9 납입,2026-08-08 01:54:29.560852+00:00,2026-08-08 01:54:29.560852+00:00
174,1297,가입 완료,기존 멤버,,정회원,,25.6 납입,2026-08-08 01:54:29.560852+00:00,2026-08-08 01:54:29.560852+00:00
175,1298,미가입,,,X,,,2026-08-08 01:54:29.560852+00:00,2026-08-08 01:54:29.560852+00:00
176,1299,가입 완료,기존 멤버,,정회원,,25.3 납입,2026-08-08 01:54:29.560852+00:00,2026-08-08 01:54:29.560852+00:00
177,1300,가입 완료,기존 멤버,,임원(부회장),,25.6 납입,2026-08-08 01:54:29.560852+00:00,2026-08-08 01:54:29.560852+00:00
178,1301,미가입,,,X,,,2026-08-08 01:54:29.560852+00:00,2026-08-08 01:54:29.560852+00:00
179,1302,가입 완료,기존 멤버,,정회원,,25.5 납입,2026-08-08 01:54:29.560852+00:00,2026-08-08 01:54:29.560852+00:00
180,1303,미가입,,,X,,,2026-08-08 01:54:29.560852+00:00,2026-08-08 01:54:29.560852+00:00
181,1304,가입 완료,기존 멤버,,정회원,,25.3 납입,2026-08-08 01:54:29.560852+00:00,2026-08-08 01:54:29.560852+00:00
182,1305,가입 완료,기존 멤버,,임원(부회장),,25.11 납입,2026-08-08 01:54:29.560852+00:00,2026-08-08 01:54:29.560852+00:00
183,1306,미가입,,,X,,,2026-08-08 01:54:29.560852+00:00,2026-08-08 01:54:29.560852+00:00
184,1307,미가입,,,X,,,2026-08-08 01:54:29.560852+00:00,2026-08-08 01:54:29.560852+00:00
185,1308,가입 완료,기존 멤버,,정회원,,25.5 납입,2026-08-08 01:54:29.560852+00:00,2026-08-08 01:54:29.560852+00:00
186,1309,가입 완료,기존 멤버,,정회원,,24.9 납입,2026-08-08 01:54:29.560852+00:00,2026-08-08 01:54:29.560852+00:00
187,1310,가입 완료,기존 멤버,,정회원,,25.10 납입,2026-08-08 01:54:29.560852+00:00,2026-08-08 01:54:29.560852+00:00
188,1311,가입 완료,기존 멤버,,정회원,,24.9 납입,2026-08-08 01:54:29.560852+00:00,2026-08-08 01:54:29.560852+00:00
189,1312,미가입,,,X,,,2026-08-08 01:54:29.560852+00:00,2026-08-08 01:54:29.560852+00:00
190,1313,가입 완료,기존 멤버,,정회원,,25.5 납입,2026-08-08 01:54:29.560852+00:00,2026-08-08 01:54:29.560852+00:00
191,1314,가입 완료,기존 멤버,,정회원,,26.1 납입,2026-08-08 01:54:29.560852+00:00,2026-08-08 01:54:29.560852+00:00
192,1315,가입 완료,기존 멤버,,임원(이사),,26.5 납입,2026-08-08 01:54:29.560852+00:00,2026-08-08 01:54:29.560852+00:00
193,1316,미가입,,,X,,,2026-08-08 01:54:29.560852+00:00,2026-08-08 01:54:29.560852+00:00
194,1317,미가입,,,X,,,2026-08-08 01:54:29.560852+00:00,2026-08-08 01:54:29.560852+00:00
195,1318,가입 완료,기존 멤버,,임원(이사),,연회비 납입 이력X,2026-08-08 01:54:29.560852+00:00,2026-08-08 01:54:29.560852+00:00
196,1319,미가입,,,X,,,2026-08-08 01:54:29.560852+00:00,2026-08-08 01:54:29.560852+00:00
197,1320,가입 완료,기존 멤버,,정회원,,25.7 납입,2026-08-08 01:54:29.560852+00:00,2026-08-08 01:54:29.560852+00:00
198,1321,가입 완료,기존 멤버,,정회원,,24.10 납입,2026-08-08 01:54:29.560852+00:00,2026-08-08 01:54:29.560852+00:00
199,1322,가입 완료,기존 멤버,,정회원,,24.10 납입,2026-08-08 01:54:29.560852+00:00,2026-08-08 01:54:29.560852+00:00
200,1323,미가입,,,X,,,2026-08-08 01:54:29.560852+00:00,2026-08-08 01:54:29.560852+00:00
201,1324,가입 완료,기존 멤버,,정회원,,24.9 납입,2026-08-08 01:54:30.515794+00:00,2026-08-08 01:54:30.515794+00:00
202,1325,가입 완료,기존 멤버,,정회원,,연회비 납입 이력X,2026-08-08 01:54:30.515794+00:00,2026-08-08 01:54:30.515794+00:00
203,1326,미가입,,,X,,,2026-08-08 01:54:30.515794+00:00,2026-08-08 01:54:30.515794+00:00
204,1327,미가입,,,X,,,2026-08-08 01:54:30.515794+00:00,2026-08-08 01:54:30.515794+00:00
205,1328,가입 완료,기존 멤버,,정회원,,24.7 납입,2026-08-08 01:54:30.515794+00:00,2026-08-08 01:54:30.515794+00:00
206,1329,미가입,,,X,,,2026-08-08 01:54:30.515794+00:00,2026-08-08 01:54:30.515794+00:00
207,1330,가입 완료,기존 멤버,,정회원,,25.3 납입,2026-08-08 01:54:30.515794+00:00,2026-08-08 01:54:30.515794+00:00
208,1331,가입 완료,기존 멤버,,임원(부회장),,26.6 납입,2026-08-08 01:54:30.515794+00:00,2026-08-08 01:54:30.515794+00:00
209,1332,미가입,,,X,,,2026-08-08 01:54:30.515794+00:00,2026-08-08 01:54:30.515794+00:00
210,1333,가입 완료,기존 멤버,,정회원,,24.4 납입,2026-08-08 01:54:30.515794+00:00,2026-08-08 01:54:30.515794+00:00
211,1334,가입 완료,기존 멤버,,정회원,,24.4 납입,2026-08-08 01:54:30.515794+00:00,2026-08-08 01:54:30.515794+00:00
212,1335,가입 완료,기존 멤버,,정회원,,25.3 납입,2026-08-08 01:54:30.515794+00:00,2026-08-08 01:54:30.515794+00:00
213,1336,미가입,,,X,,,2026-08-08 01:54:30.515794+00:00,2026-08-08 01:54:30.515794+00:00
214,1337,미가입,,,X,,,2026-08-08 01:54:30.515794+00:00,2026-08-08 01:54:30.515794+00:00
215,1338,가입 완료,기존 멤버,,정회원,,24.3 납입,2026-08-08 01:54:30.515794+00:00,2026-08-08 01:54:30.515794+00:00
216,1339,미가입,,,X,,,2026-08-08 01:54:30.515794+00:00,2026-08-08 01:54:30.515794+00:00
217,1340,미가입,,,X,,,2026-08-08 01:54:30.515794+00:00,2026-08-08 01:54:30.515794+00:00
218,1341,가입 완료,기존 멤버,,임원(부회장),,"26.3 납입
효사랑가족요양병원 → 주식회사 팥알 로 업체명 변경하여 회원명단 관리 요청받음",2026-08-08 01:54:30.515794+00:00,2026-08-08 01:54:30.515794+00:00
219,1342,가입 완료,기존 멤버,,정회원,,24.3 납입,2026-08-08 01:54:30.515794+00:00,2026-08-08 01:54:30.515794+00:00
220,1343,미가입,,,X,,,2026-08-08 01:54:30.515794+00:00,2026-08-08 01:54:30.515794+00:00
221,1344,가입 완료,기존 멤버,,정회원,,24.12 이후 연회비 납입X,2026-08-08 01:54:30.515794+00:00,2026-08-08 01:54:30.515794+00:00
222,1345,미가입,,,X,,,2026-08-08 01:54:30.515794+00:00,2026-08-08 01:54:30.515794+00:00
223,1346,가입 완료,기존 멤버,,정회원,,24.4 납입,2026-08-08 01:54:30.515794+00:00,2026-08-08 01:54:30.515794+00:00
224,1347,가입 완료,기존 멤버,,정회원,,연회비 납입 이력X,2026-08-08 01:54:30.515794+00:00,2026-08-08 01:54:30.515794+00:00
225,1348,미가입,,,X,,,2026-08-08 01:54:30.515794+00:00,2026-08-08 01:54:30.515794+00:00
226,1349,가입 완료,기존 멤버,,정회원,,24.5 납입,2026-08-08 01:54:30.515794+00:00,2026-08-08 01:54:30.515794+00:00
227,1350,가입 완료,기존 멤버,,정회원,,23.4 납입,2026-08-08 01:54:30.515794+00:00,2026-08-08 01:54:30.515794+00:00
228,1351,가입 완료,기존 멤버,,정회원,,26.6 납입 예정,2026-08-08 01:54:30.515794+00:00,2026-08-08 01:54:30.515794+00:00
229,1352,가입 완료,기존 멤버,,정회원,,24.3 납입,2026-08-08 01:54:30.515794+00:00,2026-08-08 01:54:30.515794+00:00
230,1353,가입 완료,기존 멤버,,정회원,,24.6 납입,2026-08-08 01:54:30.515794+00:00,2026-08-08 01:54:30.515794+00:00
231,1354,가입 완료,기존 멤버,,정회원,,24.1 납입,2026-08-08 01:54:30.515794+00:00,2026-08-08 01:54:30.515794+00:00
232,1355,가입 완료,기존 멤버,,정회원,,24.9 납입,2026-08-08 01:54:30.515794+00:00,2026-08-08 01:54:30.515794+00:00
233,1356,미가입,,,X,,,2026-08-08 01:54:30.515794+00:00,2026-08-08 01:54:30.515794+00:00
234,1357,가입 완료,기존 멤버,,임원(이사),,25.9 납입,2026-08-08 01:54:30.515794+00:00,2026-08-08 01:54:30.515794+00:00
235,1358,가입 완료,기존 멤버,,정회원,,24.9 납입,2026-08-08 01:54:30.515794+00:00,2026-08-08 01:54:30.515794+00:00
236,1359,가입 완료,기존 멤버,,정회원,,25.7 납입,2026-08-08 01:54:30.515794+00:00,2026-08-08 01:54:30.515794+00:00
237,1360,미가입,,,X,,,2026-08-08 01:54:30.515794+00:00,2026-08-08 01:54:30.515794+00:00
238,1361,가입 완료,기존 멤버,,임원(수석부회장),,25.7 납입,2026-08-08 01:54:30.515794+00:00,2026-08-08 01:54:30.515794+00:00
239,1362,가입 완료,기존 멤버,,정회원,,25.12 납입,2026-08-08 01:54:30.515794+00:00,2026-08-08 01:54:30.515794+00:00
240,1363,가입 완료,기존 멤버,,정회원,,25.5 납입,2026-08-08 01:54:30.515794+00:00,2026-08-08 01:54:30.515794+00:00
241,1364,가입 완료,신규 가입(서울대 과정 출신),,정회원,,연회비 납입 이력X,2026-08-08 01:54:30.515794+00:00,2026-08-08 01:54:30.515794+00:00
242,1365,가입 완료,기존 멤버,,정회원,,24.1 납입,2026-08-08 01:54:30.515794+00:00,2026-08-08 01:54:30.515794+00:00
243,1366,미가입,,,X,,,2026-08-08 01:54:30.515794+00:00,2026-08-08 01:54:30.515794+00:00
244,1367,미가입,,,X,,,2026-08-08 01:54:30.515794+00:00,2026-08-08 01:54:30.515794+00:00
245,1368,미가입,,,X,,,2026-08-08 01:54:30.515794+00:00,2026-08-08 01:54:30.515794+00:00
246,1369,가입 완료,기존 멤버,,정회원,,24.4 납입,2026-08-08 01:54:30.515794+00:00,2026-08-08 01:54:30.515794+00:00
247,1370,미가입,,,X,,,2026-08-08 01:54:30.515794+00:00,2026-08-08 01:54:30.515794+00:00
248,1371,미가입,,,X,,,2026-08-08 01:54:30.515794+00:00,2026-08-08 01:54:30.515794+00:00
249,1372,가입 완료,기존 멤버,,임원(이사),,26.5 납입,2026-08-08 01:54:30.515794+00:00,2026-08-08 01:54:30.515794+00:00
250,1373,미가입,,,X,,,2026-08-08 01:54:30.515794+00:00,2026-08-08 01:54:30.515794+00:00
251,1374,가입 완료,기존 멤버,,임원(부회장),,25.11 납입,2026-08-08 01:54:30.515794+00:00,2026-08-08 01:54:30.515794+00:00
252,1375,가입 완료,신규 가입(서울대 과정 출신),,정회원,,25.9 납입,2026-08-08 01:54:30.515794+00:00,2026-08-08 01:54:30.515794+00:00
253,1376,가입 완료,기존 멤버,,임원(부회장),,25.11 납입,2026-08-08 01:54:30.515794+00:00,2026-08-08 01:54:30.515794+00:00
254,1377,가입 완료,기존 멤버,,정회원,,26.5 납입,2026-08-08 01:54:30.515794+00:00,2026-08-08 01:54:30.515794+00:00
255,1378,가입 완료,기존 멤버,,정회원,,23.8 납입,2026-08-08 01:54:30.515794+00:00,2026-08-08 01:54:30.515794+00:00
256,1379,가입 완료,기존 멤버,,임원(이사),,26.2 납입,2026-08-08 01:54:30.515794+00:00,2026-08-08 01:54:30.515794+00:00
257,1380,가입 완료,기존 멤버,,임원(이사),,24.4 납입,2026-08-08 01:54:30.515794+00:00,2026-08-08 01:54:30.515794+00:00
258,1381,미가입,,,X,,,2026-08-08 01:54:30.515794+00:00,2026-08-08 01:54:30.515794+00:00
259,1382,미가입,,,X,,,2026-08-08 01:54:30.515794+00:00,2026-08-08 01:54:30.515794+00:00
260,1383,가입 완료,기존 멤버,,정회원,,26.4 납입,2026-08-08 01:54:30.515794+00:00,2026-08-08 01:54:30.515794+00:00
261,1384,가입 완료,신규 가입(서울대 과정 출신),,임원(부회장),,"24.12 납입
연회비 납부 계획 없음(내부사정으로 연회비 예산 대거 축소)",2026-08-08 01:54:30.515794+00:00,2026-08-08 01:54:30.515794+00:00
262,1385,가입 완료,기존 멤버,,임원(이사),,25.7 납입,2026-08-08 01:54:30.515794+00:00,2026-08-08 01:54:30.515794+00:00
263,1386,미가입,,,X,,,2026-08-08 01:54:30.515794+00:00,2026-08-08 01:54:30.515794+00:00
264,1387,미가입,,,X,,,2026-08-08 01:54:30.515794+00:00,2026-08-08 01:54:30.515794+00:00
265,1388,미가입,,,X,,,2026-08-08 01:54:30.515794+00:00,2026-08-08 01:54:30.515794+00:00
266,1389,가입 완료,기존 멤버,,정회원,,24.1 납입,2026-08-08 01:54:30.515794+00:00,2026-08-08 01:54:30.515794+00:00
267,1145,가입 완료,기존 멤버,,정회원,,연회비 납입 이력X,2026-08-08 01:54:30.515794+00:00,2026-08-08 01:54:30.515794+00:00
268,1390,가입 완료,기존 멤버,,정회원,,연회비 납입 이력X,2026-08-08 01:54:30.515794+00:00,2026-08-08 01:54:30.515794+00:00
269,1391,미가입,,,X,,,2026-08-08 01:54:30.515794+00:00,2026-08-08 01:54:30.515794+00:00
270,1392,가입 완료,기존 멤버,,정회원,,25.4 납입,2026-08-08 01:54:30.515794+00:00,2026-08-08 01:54:30.515794+00:00
271,1393,가입 완료,기존 멤버,,임원(부회장),,26.5 납입,2026-08-08 01:54:30.515794+00:00,2026-08-08 01:54:30.515794+00:00
272,1394,가입 완료,기존 멤버,,정회원,,24.7 납입,2026-08-08 01:54:30.515794+00:00,2026-08-08 01:54:30.515794+00:00
273,936,미가입,,,X,,,2026-08-08 01:54:30.515794+00:00,2026-08-08 01:54:30.515794+00:00
274,1395,가입 완료,기존 멤버,,정회원,,23.3 납입,2026-08-08 01:54:30.515794+00:00,2026-08-08 01:54:30.515794+00:00
275,1396,가입 완료,기존 멤버,,임원(이사),,연회비 납입 이력X,2026-08-08 01:54:30.515794+00:00,2026-08-08 01:54:30.515794+00:00
276,1397,미가입,,,X,,,2026-08-08 01:54:30.515794+00:00,2026-08-08 01:54:30.515794+00:00
277,1398,미가입,,,X,,,2026-08-08 01:54:30.515794+00:00,2026-08-08 01:54:30.515794+00:00
278,1399,미가입,,,X,,,2026-08-08 01:54:30.515794+00:00,2026-08-08 01:54:30.515794+00:00
279,1400,가입 완료,기존 멤버,,정회원,,23.2 납입,2026-08-08 01:54:30.515794+00:00,2026-08-08 01:54:30.515794+00:00
280,1401,미가입,,,X,,,2026-08-08 01:54:30.515794+00:00,2026-08-08 01:54:30.515794+00:00
281,1402,미가입,,,X,,,2026-08-08 01:54:30.515794+00:00,2026-08-08 01:54:30.515794+00:00
282,1403,가입 완료,기존 멤버,,정회원,,연회비 납입 이력X,2026-08-08 01:54:30.515794+00:00,2026-08-08 01:54:30.515794+00:00
283,1404,가입 완료,기존 멤버,,정회원,,연회비 납입 이력X,2026-08-08 01:54:30.515794+00:00,2026-08-08 01:54:30.515794+00:00
284,1405,가입 완료,기존 멤버,,정회원,,연회비 납입 이력X,2026-08-08 01:54:30.515794+00:00,2026-08-08 01:54:30.515794+00:00
285,1406,가입 완료,신규 가입(서울대 과정 출신),,정회원,,24.12 납입,2026-08-08 01:54:30.515794+00:00,2026-08-08 01:54:30.515794+00:00
286,1407,미가입,,,X,,,2026-08-08 01:54:30.515794+00:00,2026-08-08 01:54:30.515794+00:00
287,1408,가입 완료,기존 멤버,,임원(부회장),,25.11 납입,2026-08-08 01:54:30.515794+00:00,2026-08-08 01:54:30.515794+00:00
288,1409,가입 완료,기존 멤버,,임원(부회장),,25.6 납입,2026-08-08 01:54:30.515794+00:00,2026-08-08 01:54:30.515794+00:00
289,1410,가입 완료,기존 멤버,,정회원,,연회비 납입 이력X,2026-08-08 01:54:30.515794+00:00,2026-08-08 01:54:30.515794+00:00
290,1411,미가입,,,X,,,2026-08-08 01:54:30.515794+00:00,2026-08-08 01:54:30.515794+00:00
291,1412,미가입,,,X,,,2026-08-08 01:54:30.515794+00:00,2026-08-08 01:54:30.515794+00:00
292,946,가입 완료,기존 멤버,,정회원,,24.12 납입,2026-08-08 01:54:30.515794+00:00,2026-08-08 01:54:30.515794+00:00
293,1413,가입 완료,기존 멤버,,정회원,,23.5 납입,2026-08-08 01:54:30.515794+00:00,2026-08-08 01:54:30.515794+00:00
294,1414,미가입,,,X,,,2026-08-08 01:54:30.515794+00:00,2026-08-08 01:54:30.515794+00:00
295,1415,가입 완료,기존 멤버,,정회원,,25.10 납입,2026-08-08 01:54:30.515794+00:00,2026-08-08 01:54:30.515794+00:00
296,1416,가입 완료,기존 멤버,,임원(부회장),,26.2 납입(25년도 연회비),2026-08-08 01:54:30.515794+00:00,2026-08-08 01:54:30.515794+00:00
297,1417,가입 완료,기존 멤버,,정회원,,24.9 납입,2026-08-08 01:54:30.515794+00:00,2026-08-08 01:54:30.515794+00:00
298,1418,가입 완료,기존 멤버,,정회원,,23.3 납입,2026-08-08 01:54:30.515794+00:00,2026-08-08 01:54:30.515794+00:00
299,1419,가입 완료,기존 멤버,,정회원,,23.3 납입,2026-08-08 01:54:30.515794+00:00,2026-08-08 01:54:30.515794+00:00
300,1420,가입 완료,기존 멤버,,정회원,,23.5 납입,2026-08-08 01:54:30.515794+00:00,2026-08-08 01:54:30.515794+00:00
301,1421,가입 완료,신규 가입(서울대 과정 출신),,임원(부회장),,24.12 납입,2026-08-08 01:54:30.515794+00:00,2026-08-08 01:54:30.515794+00:00
302,1422,미가입,,,X,,,2026-08-08 01:54:30.515794+00:00,2026-08-08 01:54:30.515794+00:00
303,1423,미가입,,,X,,,2026-08-08 01:54:30.515794+00:00,2026-08-08 01:54:30.515794+00:00
304,1424,가입 완료,기존 멤버,,임원(수석부회장),,26.2 납입,2026-08-08 01:54:30.515794+00:00,2026-08-08 01:54:30.515794+00:00
305,1425,미가입,,,X,,,2026-08-08 01:54:30.515794+00:00,2026-08-08 01:54:30.515794+00:00
306,1426,미가입,,,X,,,2026-08-08 01:54:30.515794+00:00,2026-08-08 01:54:30.515794+00:00
307,1427,가입 완료,기존 멤버,,정회원,,연회비 납입 이력X,2026-08-08 01:54:30.515794+00:00,2026-08-08 01:54:30.515794+00:00
308,1428,미가입,,,X,,,2026-08-08 01:54:30.515794+00:00,2026-08-08 01:54:30.515794+00:00
309,1429,미가입,,,X,,,2026-08-08 01:54:30.515794+00:00,2026-08-08 01:54:30.515794+00:00
310,1430,미가입,,,X,,,2026-08-08 01:54:30.515794+00:00,2026-08-08 01:54:30.515794+00:00
311,1431,가입 완료,기존 멤버,,정회원,,연회비 납입 이력X,2026-08-08 01:54:30.515794+00:00,2026-08-08 01:54:30.515794+00:00
312,1432,미가입,,,X,,,2026-08-08 01:54:30.515794+00:00,2026-08-08 01:54:30.515794+00:00
313,1433,미가입,,,X,,,2026-08-08 01:54:30.515794+00:00,2026-08-08 01:54:30.515794+00:00
314,1434,가입 완료,기존 멤버,,정회원,,23.4 납입,2026-08-08 01:54:30.515794+00:00,2026-08-08 01:54:30.515794+00:00
315,1435,미가입,,,X,,,2026-08-08 01:54:30.515794+00:00,2026-08-08 01:54:30.515794+00:00
316,1436,미가입,,,X,,,2026-08-08 01:54:30.515794+00:00,2026-08-08 01:54:30.515794+00:00
317,1437,가입 완료,기존 멤버,,정회원,,26.3 납입,2026-08-08 01:54:30.515794+00:00,2026-08-08 01:54:30.515794+00:00
318,1438,가입 완료,신규 가입(서울대 과정 출신),,정회원,,24.3 납입,2026-08-08 01:54:30.515794+00:00,2026-08-08 01:54:30.515794+00:00
319,1439,가입 완료,기존 멤버,,정회원,,25.12 닙입(26.1 납입대상자),2026-08-08 01:54:30.515794+00:00,2026-08-08 01:54:30.515794+00:00
320,1440,미가입,,,X,,,2026-08-08 01:54:30.515794+00:00,2026-08-08 01:54:30.515794+00:00
321,1441,미가입,,,X,,,2026-08-08 01:54:30.515794+00:00,2026-08-08 01:54:30.515794+00:00
322,1442,가입 완료,기존 멤버,,정회원,,25.7 납입,2026-08-08 01:54:30.515794+00:00,2026-08-08 01:54:30.515794+00:00
323,1443,미가입,,,X,,,2026-08-08 01:54:30.515794+00:00,2026-08-08 01:54:30.515794+00:00
324,1444,가입 완료,기존 멤버,,임원(수석부회장),,25.7 납입,2026-08-08 01:54:30.515794+00:00,2026-08-08 01:54:30.515794+00:00
325,1445,가입 완료,기존 멤버,,정회원,,24.8 납입,2026-08-08 01:54:30.515794+00:00,2026-08-08 01:54:30.515794+00:00
326,1446,가입 완료,신규 가입(서울대 과정 출신),,임원(부회장),,"24.12 납입
연회비 납부 계획 없음(내부사정으로 연회비 예산 대거 축소)",2026-08-08 01:54:30.515794+00:00,2026-08-08 01:54:30.515794+00:00
327,1447,가입 완료,기존 멤버,,정회원,,연회비 납입 이력X,2026-08-08 01:54:30.515794+00:00,2026-08-08 01:54:30.515794+00:00
328,1448,가입 완료,기존 멤버,,임원(부회장),,26.5 납입,2026-08-08 01:54:30.515794+00:00,2026-08-08 01:54:30.515794+00:00
329,1449,가입 완료,기존 멤버,,정회원,,연회비 납입 이력X,2026-08-08 01:54:30.515794+00:00,2026-08-08 01:54:30.515794+00:00
330,1450,가입 완료,기존 멤버,,정회원,,연회비 납입 이력X,2026-08-08 01:54:30.515794+00:00,2026-08-08 01:54:30.515794+00:00
331,1451,가입 완료,기존 멤버,,정회원,,연회비 납입 이력X,2026-08-08 01:54:30.515794+00:00,2026-08-08 01:54:30.515794+00:00
332,1452,미가입,,,X,,,2026-08-08 01:54:30.515794+00:00,2026-08-08 01:54:30.515794+00:00
333,1453,가입 완료,기존 멤버,,정회원,,24.9 납입,2026-08-08 01:54:30.515794+00:00,2026-08-08 01:54:30.515794+00:00
334,1454,가입 완료,기존 멤버,,임원(부회장),,26.6 납입,2026-08-08 01:54:30.515794+00:00,2026-08-08 01:54:30.515794+00:00
335,1455,가입 완료,기존 멤버,,정회원,,연회비 납입 이력X,2026-08-08 01:54:30.515794+00:00,2026-08-08 01:54:30.515794+00:00
336,1456,미가입,,,X,,,2026-08-08 01:54:30.515794+00:00,2026-08-08 01:54:30.515794+00:00
337,1457,미가입,,,X,,,2026-08-08 01:54:30.515794+00:00,2026-08-08 01:54:30.515794+00:00
338,1458,가입 완료,기존 멤버,,정회원,,연회비 납입 이력X,2026-08-08 01:54:30.515794+00:00,2026-08-08 01:54:30.515794+00:00
339,1459,가입 완료,기존 멤버,,임원(부회장),,26.2 납입(25년도 연회비),2026-08-08 01:54:30.515794+00:00,2026-08-08 01:54:30.515794+00:00
340,1460,가입 완료,기존 멤버,,정회원,,23.1 납입,2026-08-08 01:54:30.515794+00:00,2026-08-08 01:54:30.515794+00:00
341,1461,미가입,,,X,,,2026-08-08 01:54:30.515794+00:00,2026-08-08 01:54:30.515794+00:00
342,1462,미가입,,,X,,,2026-08-08 01:54:30.515794+00:00,2026-08-08 01:54:30.515794+00:00
343,1463,미가입,,,X,,,2026-08-08 01:54:30.515794+00:00,2026-08-08 01:54:30.515794+00:00
344,1464,미가입,,,X,,,2026-08-08 01:54:30.515794+00:00,2026-08-08 01:54:30.515794+00:00
345,1465,미가입,,,X,,,2026-08-08 01:54:30.515794+00:00,2026-08-08 01:54:30.515794+00:00
346,1466,가입 완료,기존 멤버,,정회원,,24.8 납입,2026-08-08 01:54:30.515794+00:00,2026-08-08 01:54:30.515794+00:00
347,1467,가입 완료,기존 멤버,,임원(수석부회장),,25.5 납입,2026-08-08 01:54:30.515794+00:00,2026-08-08 01:54:30.515794+00:00
348,1468,미가입,,,X,,,2026-08-08 01:54:30.515794+00:00,2026-08-08 01:54:30.515794+00:00
349,1469,미가입,,,X,,,2026-08-08 01:54:30.515794+00:00,2026-08-08 01:54:30.515794+00:00
350,1470,가입 완료,기존 멤버,,정회원,,25.7 납입,2026-08-08 01:54:30.515794+00:00,2026-08-08 01:54:30.515794+00:00
351,1471,미가입,,,X,,,2026-08-08 01:54:30.515794+00:00,2026-08-08 01:54:30.515794+00:00
352,1472,미가입,,,X,,,2026-08-08 01:54:30.515794+00:00,2026-08-08 01:54:30.515794+00:00
353,1473,가입 완료,기존 멤버,,정회원,,23.3 납입,2026-08-08 01:54:30.515794+00:00,2026-08-08 01:54:30.515794+00:00
354,1474,미가입,,,X,,,2026-08-08 01:54:30.515794+00:00,2026-08-08 01:54:30.515794+00:00
355,1475,가입 완료,기존 멤버,,정회원,,연회비 납입 이력X,2026-08-08 01:54:30.515794+00:00,2026-08-08 01:54:30.515794+00:00
356,1476,미가입,,,X,,,2026-08-08 01:54:30.515794+00:00,2026-08-08 01:54:30.515794+00:00
357,1477,미가입,,,X,,,2026-08-08 01:54:30.515794+00:00,2026-08-08 01:54:30.515794+00:00
358,1478,가입 완료,기존 멤버,,정회원,,연회비 납입 이력X,2026-08-08 01:54:30.515794+00:00,2026-08-08 01:54:30.515794+00:00
359,1479,가입 완료,기존 멤버,,임원(부회장),,25.11 납입,2026-08-08 01:54:30.515794+00:00,2026-08-08 01:54:30.515794+00:00
360,1480,가입 완료,기존 멤버,,정회원,,24.7 납입,2026-08-08 01:54:30.515794+00:00,2026-08-08 01:54:30.515794+00:00
361,1481,미가입,,,X,,,2026-08-08 01:54:30.515794+00:00,2026-08-08 01:54:30.515794+00:00
362,1482,가입 완료,신규 가입(서울대 과정 출신),,임원(부회장),,"24.12 납입
연회비 납부 계획 없음(내부사정으로 연회비 예산 대거 축소)",2026-08-08 01:54:30.515794+00:00,2026-08-08 01:54:30.515794+00:00
363,1483,미가입,,,X,,,2026-08-08 01:54:30.515794+00:00,2026-08-08 01:54:30.515794+00:00
364,1484,미가입,,,X,,,2026-08-08 01:54:30.515794+00:00,2026-08-08 01:54:30.515794+00:00
365,1485,미가입,,,X,,,2026-08-08 01:54:30.515794+00:00,2026-08-08 01:54:30.515794+00:00
366,1486,미가입,,,X,,,2026-08-08 01:54:30.515794+00:00,2026-08-08 01:54:30.515794+00:00
367,1487,가입 완료,기존 멤버,,임원(부회장),,26.6 납입,2026-08-08 01:54:30.515794+00:00,2026-08-08 01:54:30.515794+00:00
368,1488,미가입,,,X,,,2026-08-08 01:54:30.515794+00:00,2026-08-08 01:54:30.515794+00:00
369,1489,가입 완료,기존 멤버,,정회원,,26.1 납입,2026-08-08 01:54:30.515794+00:00,2026-08-08 01:54:30.515794+00:00
370,1490,가입 완료,기존 멤버,,정회원,,가입 신청은 하였으나 연회비 납입X,2026-08-08 01:54:30.515794+00:00,2026-08-08 01:54:30.515794+00:00
371,1491,가입 완료,기존 멤버,,임원(부회장),,25.11 납입,2026-08-08 01:54:30.515794+00:00,2026-08-08 01:54:30.515794+00:00
372,1492,가입 완료,기존 멤버,,정회원,,연회비 납입 이력X,2026-08-08 01:54:30.515794+00:00,2026-08-08 01:54:30.515794+00:00
373,1493,가입 완료,기존 멤버,,임원(이사),,25.6 납입,2026-08-08 01:54:30.515794+00:00,2026-08-08 01:54:30.515794+00:00
374,1494,가입 완료,신규 가입(서울대 과정 출신),,임원(부회장),,"24.12 납입
연회비 납부 계획 없음(내부사정으로 연회비 예산 대거 축소)",2026-08-08 01:54:30.515794+00:00,2026-08-08 01:54:30.515794+00:00
375,1495,미가입,,,X,,,2026-08-08 01:54:30.515794+00:00,2026-08-08 01:54:30.515794+00:00
376,1496,미가입,,,X,,,2026-08-08 01:54:30.515794+00:00,2026-08-08 01:54:30.515794+00:00
377,1497,가입 완료,기존 멤버,,정회원,,연회비 납입 이력X,2026-08-08 01:54:30.515794+00:00,2026-08-08 01:54:30.515794+00:00
378,1498,가입 완료,기존 멤버,,정회원,,연회비 납입 이력X,2026-08-08 01:54:30.515794+00:00,2026-08-08 01:54:30.515794+00:00
379,1499,가입 완료,기존 멤버,,정회원,,연회비 납입 이력X,2026-08-08 01:54:30.515794+00:00,2026-08-08 01:54:30.515794+00:00
380,1500,미가입,,,X,,,2026-08-08 01:54:30.515794+00:00,2026-08-08 01:54:30.515794+00:00
381,1501,가입 완료,기존 멤버,,정회원,,연회비 납입 이력X,2026-08-08 01:54:30.515794+00:00,2026-08-08 01:54:30.515794+00:00
382,1502,가입 완료,기존 멤버,,정회원,,연회비 납입 이력X,2026-08-08 01:54:30.515794+00:00,2026-08-08 01:54:30.515794+00:00
383,1503,미가입,,,X,,,2026-08-08 01:54:30.515794+00:00,2026-08-08 01:54:30.515794+00:00
384,1504,미가입,,,X,,,2026-08-08 01:54:30.515794+00:00,2026-08-08 01:54:30.515794+00:00
385,1505,미가입,,,X,,,2026-08-08 01:54:30.515794+00:00,2026-08-08 01:54:30.515794+00:00
386,1506,미가입,,,X,,,2026-08-08 01:54:30.515794+00:00,2026-08-08 01:54:30.515794+00:00
387,1507,미가입,,,X,,,2026-08-08 01:54:30.515794+00:00,2026-08-08 01:54:30.515794+00:00
388,1508,미가입,,,X,,,2026-08-08 01:54:30.515794+00:00,2026-08-08 01:54:30.515794+00:00
389,1509,미가입,,,X,,,2026-08-08 01:54:30.515794+00:00,2026-08-08 01:54:30.515794+00:00
390,1510,미가입,,,X,,,2026-08-08 01:54:30.515794+00:00,2026-08-08 01:54:30.515794+00:00
391,1511,미가입,,,X,,,2026-08-08 01:54:30.515794+00:00,2026-08-08 01:54:30.515794+00:00
392,1512,가입 완료,기존 멤버,,정회원,,24.8 납입,2026-08-08 01:54:30.515794+00:00,2026-08-08 01:54:30.515794+00:00
393,1513,미가입,,,X,,,2026-08-08 01:54:30.515794+00:00,2026-08-08 01:54:30.515794+00:00
394,1514,가입 완료,기존 멤버,,정회원,,연회비 납입 이력X,2026-08-08 01:54:30.515794+00:00,2026-08-08 01:54:30.515794+00:00
395,1515,미가입,,,X,,,2026-08-08 01:54:30.515794+00:00,2026-08-08 01:54:30.515794+00:00
396,1516,가입 완료,기존 멤버,,정회원,,연회비 납입 이력X,2026-08-08 01:54:30.515794+00:00,2026-08-08 01:54:30.515794+00:00
397,1517,미가입,,,X,,,2026-08-08 01:54:30.515794+00:00,2026-08-08 01:54:30.515794+00:00
398,1518,가입 완료,기존 멤버,,정회원,,연회비 납입 이력X,2026-08-08 01:54:30.515794+00:00,2026-08-08 01:54:30.515794+00:00
399,1519,가입 완료,기존 멤버,,정회원,,연회비 납입 이력X,2026-08-08 01:54:30.515794+00:00,2026-08-08 01:54:30.515794+00:00
400,1520,가입 완료,기존 멤버,,임원(이사),,26.5 납입,2026-08-08 01:54:30.515794+00:00,2026-08-08 01:54:30.515794+00:00
401,1521,가입 완료,기존 멤버,,정회원,,연회비 납입 이력X,2026-08-08 01:54:31.573306+00:00,2026-08-08 01:54:31.573306+00:00
402,1522,미가입,,,X,,,2026-08-08 01:54:31.573306+00:00,2026-08-08 01:54:31.573306+00:00
403,1523,가입 완료,신규 가입(서울대 과정 출신),,정회원,,연회비 납입 이력X,2026-08-08 01:54:31.573306+00:00,2026-08-08 01:54:31.573306+00:00
404,1524,가입 완료,기존 멤버,,정회원,,연회비 납입 이력X,2026-08-08 01:54:31.573306+00:00,2026-08-08 01:54:31.573306+00:00
405,1525,가입 완료,기존 멤버,,정회원,,24.10 납입,2026-08-08 01:54:31.573306+00:00,2026-08-08 01:54:31.573306+00:00
406,1526,가입 완료,기존 멤버,,정회원,,23.1 납입,2026-08-08 01:54:31.573306+00:00,2026-08-08 01:54:31.573306+00:00
407,1527,미가입,,,X,,,2026-08-08 01:54:31.573306+00:00,2026-08-08 01:54:31.573306+00:00
408,1528,미가입,,,X,,,2026-08-08 01:54:31.573306+00:00,2026-08-08 01:54:31.573306+00:00
409,1529,미가입,,,X,,,2026-08-08 01:54:31.573306+00:00,2026-08-08 01:54:31.573306+00:00
410,1530,미가입,,,X,,,2026-08-08 01:54:31.573306+00:00,2026-08-08 01:54:31.573306+00:00
411,1531,미가입,,,X,,,2026-08-08 01:54:31.573306+00:00,2026-08-08 01:54:31.573306+00:00
412,1137,미가입,,,X,,,2026-08-08 01:54:31.573306+00:00,2026-08-08 01:54:31.573306+00:00
413,1532,미가입,,,X,,,2026-08-08 01:54:31.573306+00:00,2026-08-08 01:54:31.573306+00:00
414,1533,미가입,,,X,,,2026-08-08 01:54:31.573306+00:00,2026-08-08 01:54:31.573306+00:00
415,1534,미가입,,,X,,,2026-08-08 01:54:31.573306+00:00,2026-08-08 01:54:31.573306+00:00
416,1535,미가입,,,X,,,2026-08-08 01:54:31.573306+00:00,2026-08-08 01:54:31.573306+00:00
417,1536,미가입,,,X,,,2026-08-08 01:54:31.573306+00:00,2026-08-08 01:54:31.573306+00:00
418,1537,가입 완료,기존 멤버,,정회원,,24.4 납입,2026-08-08 01:54:31.573306+00:00,2026-08-08 01:54:31.573306+00:00
419,1538,미가입,,,X,,,2026-08-08 01:54:31.573306+00:00,2026-08-08 01:54:31.573306+00:00
420,1539,미가입,,,X,,,2026-08-08 01:54:31.573306+00:00,2026-08-08 01:54:31.573306+00:00
421,1540,미가입,,,X,,,2026-08-08 01:54:31.573306+00:00,2026-08-08 01:54:31.573306+00:00
422,1541,미가입,,,X,,,2026-08-08 01:54:31.573306+00:00,2026-08-08 01:54:31.573306+00:00
423,1542,미가입,,,X,,,2026-08-08 01:54:31.573306+00:00,2026-08-08 01:54:31.573306+00:00
424,1543,미가입,,,X,,,2026-08-08 01:54:31.573306+00:00,2026-08-08 01:54:31.573306+00:00
425,1544,미가입,,,X,,,2026-08-08 01:54:31.573306+00:00,2026-08-08 01:54:31.573306+00:00
426,1545,가입 완료,기존 멤버,,임원(이사),,24.4 납입,2026-08-08 01:54:31.573306+00:00,2026-08-08 01:54:31.573306+00:00
427,1546,미가입,,,X,,,2026-08-08 01:54:31.573306+00:00,2026-08-08 01:54:31.573306+00:00
428,1547,미가입,,,X,,,2026-08-08 01:54:31.573306+00:00,2026-08-08 01:54:31.573306+00:00
429,1548,가입 완료,기존 멤버,,정회원,,23.6 납입,2026-08-08 01:54:31.573306+00:00,2026-08-08 01:54:31.573306+00:00
430,1549,가입 완료,기존 멤버,,정회원,,연회비 납입 이력X,2026-08-08 01:54:31.573306+00:00,2026-08-08 01:54:31.573306+00:00
431,1144,미가입,,,X,,,2026-08-08 01:54:31.573306+00:00,2026-08-08 01:54:31.573306+00:00
432,1550,미가입,,,X,,,2026-08-08 01:54:31.573306+00:00,2026-08-08 01:54:31.573306+00:00
433,1551,미가입,,,X,,,2026-08-08 01:54:31.573306+00:00,2026-08-08 01:54:31.573306+00:00
434,1552,미가입,,,X,,,2026-08-08 01:54:31.573306+00:00,2026-08-08 01:54:31.573306+00:00
435,1553,미가입,,,X,,,2026-08-08 01:54:31.573306+00:00,2026-08-08 01:54:31.573306+00:00
436,1554,미가입,,,X,,,2026-08-08 01:54:31.573306+00:00,2026-08-08 01:54:31.573306+00:00
437,1555,가입 완료,기존 멤버,,임원(부회장),,25.11 납입,2026-08-08 01:54:31.573306+00:00,2026-08-08 01:54:31.573306+00:00
438,1556,미가입,,,X,,,2026-08-08 01:54:31.573306+00:00,2026-08-08 01:54:31.573306+00:00
439,1557,가입 완료,기존 멤버,,정회원,,연회비 납입 이력X,2026-08-08 01:54:31.573306+00:00,2026-08-08 01:54:31.573306+00:00
440,1558,가입 완료,기존 멤버,,임원(감사),,해당없음,2026-08-08 01:54:31.573306+00:00,2026-08-08 01:54:31.573306+00:00
441,1559,미가입,,,X,,,2026-08-08 01:54:31.573306+00:00,2026-08-08 01:54:31.573306+00:00
442,1560,가입 완료,신규 가입(서울대 과정 출신),,정회원,,연회비 납입 이력X,2026-08-08 01:54:31.573306+00:00,2026-08-08 01:54:31.573306+00:00
443,1561,미가입,,,X,,,2026-08-08 01:54:31.573306+00:00,2026-08-08 01:54:31.573306+00:00
444,1562,가입 완료,기존 멤버,,정회원,,25.7 납입,2026-08-08 01:54:31.573306+00:00,2026-08-08 01:54:31.573306+00:00
445,1563,미가입,,,X,,,2026-08-08 01:54:31.573306+00:00,2026-08-08 01:54:31.573306+00:00
446,1564,미가입,,,X,,,2026-08-08 01:54:31.573306+00:00,2026-08-08 01:54:31.573306+00:00
447,1565,미가입,,,X,,,2026-08-08 01:54:31.573306+00:00,2026-08-08 01:54:31.573306+00:00
448,1566,미가입,,,X,,,2026-08-08 01:54:31.573306+00:00,2026-08-08 01:54:31.573306+00:00
449,1567,가입 완료,신규 가입(서울대 과정 출신),,임원(부회장),,"24.12 납입
연회비 납부 계획 없음(내부사정으로 연회비 예산 대거 축소)",2026-08-08 01:54:31.573306+00:00,2026-08-08 01:54:31.573306+00:00
450,1568,미가입,,,X,,,2026-08-08 01:54:31.573306+00:00,2026-08-08 01:54:31.573306+00:00
451,1621,미가입,,,X,,,2026-08-08 01:54:31.573306+00:00,2026-08-08 01:54:31.573306+00:00
452,1622,미가입,,,X,,,2026-08-08 01:54:31.573306+00:00,2026-08-08 01:54:31.573306+00:00
453,1623,미가입,,,X,,,2026-08-08 01:54:31.573306+00:00,2026-08-08 01:54:31.573306+00:00
454,1624,가입 완료,기존 멤버,,정회원,,가입 신청은 하였으나 연회비 납입X,2026-08-08 01:54:31.573306+00:00,2026-08-08 01:54:31.573306+00:00
455,1625,미가입,,,X,,,2026-08-08 01:54:31.573306+00:00,2026-08-08 01:54:31.573306+00:00
456,1626,미가입,,,X,,,2026-08-08 01:54:31.573306+00:00,2026-08-08 01:54:31.573306+00:00
457,1627,미가입,,,X,,,2026-08-08 01:54:31.573306+00:00,2026-08-08 01:54:31.573306+00:00
458,1628,미가입,,,X,,,2026-08-08 01:54:31.573306+00:00,2026-08-08 01:54:31.573306+00:00
459,1629,미가입,,,X,,,2026-08-08 01:54:31.573306+00:00,2026-08-08 01:54:31.573306+00:00
460,1630,미가입,,,X,,,2026-08-08 01:54:31.573306+00:00,2026-08-08 01:54:31.573306+00:00
461,1631,미가입,,,X,,,2026-08-08 01:54:31.573306+00:00,2026-08-08 01:54:31.573306+00:00
462,1632,미가입,,,X,,,2026-08-08 01:54:31.573306+00:00,2026-08-08 01:54:31.573306+00:00
463,1633,미가입,,,X,,,2026-08-08 01:54:31.573306+00:00,2026-08-08 01:54:31.573306+00:00
464,1634,미가입,,,X,,,2026-08-08 01:54:31.573306+00:00,2026-08-08 01:54:31.573306+00:00
465,1635,미가입,,,X,,,2026-08-08 01:54:31.573306+00:00,2026-08-08 01:54:31.573306+00:00
466,1636,가입 완료,기존 멤버,,정회원,,연회비 납입 이력X,2026-08-08 01:54:31.573306+00:00,2026-08-08 01:54:31.573306+00:00
467,1637,미가입,,,X,,,2026-08-08 01:54:31.573306+00:00,2026-08-08 01:54:31.573306+00:00
468,1638,가입 완료,기존 멤버,,임원(이사),,25.6 납입,2026-08-08 01:54:31.573306+00:00,2026-08-08 01:54:31.573306+00:00
469,1639,가입 완료,기존 멤버,,정회원,,연회비 납입 이력X,2026-08-08 01:54:31.573306+00:00,2026-08-08 01:54:31.573306+00:00
470,1640,가입 완료,기존 멤버,,정회원,,연회비 납입 이력X,2026-08-08 01:54:31.573306+00:00,2026-08-08 01:54:31.573306+00:00
471,1641,가입 완료,기존 멤버,,정회원,,연회비 납입 이력X,2026-08-08 01:54:31.573306+00:00,2026-08-08 01:54:31.573306+00:00
472,1161,가입 완료,기존 멤버,,정회원,,연회비 납입 이력X,2026-08-08 01:54:31.573306+00:00,2026-08-08 01:54:31.573306+00:00
473,1642,가입 완료,기존 멤버,,정회원,,연회비 납입 이력X,2026-08-08 01:54:31.573306+00:00,2026-08-08 01:54:31.573306+00:00
474,1643,가입 완료,기존 멤버,,정회원,,연회비 납입 이력X,2026-08-08 01:54:31.573306+00:00,2026-08-08 01:54:31.573306+00:00
475,1644,가입 완료,기존 멤버,,정회원,,연회비 납입 이력X,2026-08-08 01:54:31.573306+00:00,2026-08-08 01:54:31.573306+00:00
476,1645,가입 완료,기존 멤버,,정회원,,연회비 납입 이력X,2026-08-08 01:54:31.573306+00:00,2026-08-08 01:54:31.573306+00:00
477,1646,가입 완료,기존 멤버,,정회원,,23.2 납입,2026-08-08 01:54:31.573306+00:00,2026-08-08 01:54:31.573306+00:00
478,938,미가입,,,X,,,2026-08-08 01:54:31.573306+00:00,2026-08-08 01:54:31.573306+00:00
479,1647,미가입,,,X,,,2026-08-08 01:54:31.573306+00:00,2026-08-08 01:54:31.573306+00:00
480,1648,가입 완료,기존 멤버,,정회원,,26.2 납입,2026-08-08 01:54:31.573306+00:00,2026-08-08 01:54:31.573306+00:00
481,1649,미가입,,,X,,,2026-08-08 01:54:31.573306+00:00,2026-08-08 01:54:31.573306+00:00
482,1650,미가입,,,X,,,2026-08-08 01:54:31.573306+00:00,2026-08-08 01:54:31.573306+00:00
483,1151,가입 완료,기존 멤버,,정회원,,23.6 납입,2026-08-08 01:54:31.573306+00:00,2026-08-08 01:54:31.573306+00:00
484,1139,미가입,,,X,,,2026-08-08 01:54:31.573306+00:00,2026-08-08 01:54:31.573306+00:00
485,1651,가입 완료,기존 멤버,,정회원,,연회비 납입 이력X,2026-08-08 01:54:31.573306+00:00,2026-08-08 01:54:31.573306+00:00
486,1652,미가입,,,X,,,2026-08-08 01:54:31.573306+00:00,2026-08-08 01:54:31.573306+00:00
487,1653,미가입,,,X,,,2026-08-08 01:54:31.573306+00:00,2026-08-08 01:54:31.573306+00:00
488,1654,미가입,,,X,,,2026-08-08 01:54:31.573306+00:00,2026-08-08 01:54:31.573306+00:00
489,1655,미가입,,,X,,,2026-08-08 01:54:31.573306+00:00,2026-08-08 01:54:31.573306+00:00
490,1656,미가입,,,X,,,2026-08-08 01:54:31.573306+00:00,2026-08-08 01:54:31.573306+00:00
491,1657,가입 완료,기존 멤버,,정회원,,24.4 납입,2026-08-08 01:54:31.573306+00:00,2026-08-08 01:54:31.573306+00:00
492,1658,미가입,,,X,,,2026-08-08 01:54:31.573306+00:00,2026-08-08 01:54:31.573306+00:00
493,1659,가입 완료,기존 멤버,,정회원,,연회비 납입 이력X,2026-08-08 01:54:31.573306+00:00,2026-08-08 01:54:31.573306+00:00
494,1660,미가입,,,X,,,2026-08-08 01:54:31.573306+00:00,2026-08-08 01:54:31.573306+00:00
495,1788,가입 완료,기존 멤버,,사무국/연구원,,,2026-08-08 01:54:31.573306+00:00,2026-08-08 01:54:31.573306+00:00
496,1789,가입 완료,기존 멤버,,사무국/연구원,,,2026-08-08 01:54:31.573306+00:00,2026-08-08 01:54:31.573306+00:00
497,1790,가입 완료,기존 멤버,,사무국/연구원,,26.4.30 사무실번호 변경 완료,2026-08-08 01:54:31.573306+00:00,2026-08-08 01:54:31.573306+00:00
